time	target	action	param	notes																																																																																																																														
63.0	display	split	1	webcam appears for Diva entrance																																																																																																																														
434.0	display	curtain_close	0	close curtains, end of show																																																																																																																														
																																																																																																																																		
																																																																																																																																		
																																																																																																																																		
70	diva	led	1,0,0.7																																																																																																																															
74	diva	look	0.7,0.3,0.4																																																																																																																															
																																																																																																																																		
78	diva	motion	shift_09																																																																																																																															
80.0	diva	motion	shift_20																																																																																																																															
84.0	diva	motion	shift_14																																																																																																																															
																																																																																																																																		
87	diva	motion	looking-around-base-muttering-01	CABLES A MESS																																																																																																																														
																																																																																																																																		
94	diva	look	1,-0.5,0.5	OH AND WHO ARE YOU?																																																																																																																														
95	diva	motion	Puzzled_02																																																																																																																															
95	diva	motion	Question																																																																																																																															
97	diva	motion	Puzzled_01																																																																																																																															
																																																																																																																																		
102	diva	motion	shift_01	OH YES YOU ARE QUINTON																																																																																																																														
103.8	diva	motion	Body_Lean_Back_01																																																																																																																															
104.7	diva	motion	shift_23																																																																																																																															
105.6	diva	motion	Body_Lean_Forward_01																																																																																																																															
106.5	diva	motion	shift_11																																																																																																																															
																																																																																																																																		
109	diva	motion	excited_00	OH WARDROBE																																																																																																																														
112	diva	motion	Success_02																																																																																																																															
																																																																																																																																		
																																																																																																																																		
118	diva	motion	affection_05	OH MUCH BETTER NO?																																																																																																																														
118	diva	led	1,0,0.7																																																																																																																															
120	diva	motion	Confused_05																																																																																																																															
123	diva	motion	Surprised_05																																																																																																																															
125	diva	motion	Yep_04																																																																																																																															
125	diva	led	1,0,0.7																																																																																																																															
127	diva	motion	Dont_Understand_02																																																																																																																															
129	diva	motion	blush_04	YOU MAKE MISS JIBA BLUSH																																																																																																																														
132	diva	motion	Happy_05																																																																																																																															
135.6	diva	motion	Yep_02		OH YES NOW WHERE WERE WE																																																																																																																													
136.8	diva	motion	Yep_03																																																																																																																															
																																																																																																																																		
																																																																																																																																		
																																																																																																																																		
																																																																																																																																		
140	diva	led	1,0,0.7																																																																																																																															
140	diva	look	1,-0.5,0.5	CRICKETS LOOK AT KANTWON																																																																																																																														
142.5	diva	look	0.7,0.3,0.4																																																																																																																															
144	diva	motion	eye_double_blink_03																																																																																																																															
145.6	diva	motion	shift_01		WELL YES KEANU																																																																																																																													
146.8	diva	motion	Yep_03																																																																																																																															
147.5	diva	motion	Body_Lean_Right_01																																																																																																																															
148.3	diva	motion	Body_Lean_Back_01																																																																																																																															
149.2	diva	motion	Body_Lean_Left_01																																																																																																																															
150	diva	motion	Laughter_03																																																																																																																															
152	diva	motion	shift_19																																																																																																																															
																																																																																																																																		
																																																																																																																																		
																																																																																																																																		
155	diva	motion	Body_Look_Center_Up_01	ITS JUST TOO TOO																																																																																																																														
156	diva	motion	Body_Look_Right_Down_01																																																																																																																															
157.5	diva	motion	dont_know_05																																																																																																																															
160	diva	motion	Body_Lean_Forward_01																																																																																																																															
161.5	diva	motion	Body_Look_Center_Middle_01																																																																																																																															
163	diva	motion	shift_14	DONT WANT TO BE A DIVA, RIGHT?																																																																																																																														
168	diva	look	1,-0.5,0.5																																																																																																																															
169.5	diva	motion	no_4	CROWD IS BANTERING																																																																																																																														
																																																																																																																																		
																																																																																																																																		
173	diva	motion	yep_03	NOW YOU WATCH AND LEARN																																																																																																																														
175.5	diva	motion	shift_09																																																																																																																															
176	diva	motion	star																																																																																																																															
177.5	diva	motion	shift_05																																																																																																																															
180	diva	motion	shy_02																																																																																																																															
183.5	diva	motion	confident_05																																																																																																																															
																																																																																																																																		
																																																																																																																																		
187	diva	led	1,0,0.7	DIVA SINGS VERSE																																																																																																																														
187	diva	look	0.7,0.3,0.4																																																																																																																															
189	diva	motion	shift_07																																																																																																																															
192	diva	motion	shift_08																																																																																																																															
194	diva	motion	shift_03																																																																																																																															
196	diva	motion	shift_04																																																																																																																															
197	diva	motion	shift_12																																																																																																																															
198	diva	motion	Body_Lean_Right_Forward_01																																																																																																																															
199	diva	motion	shift_16																																																																																																																															
201	diva	motion	shift_01																																																																																																																															
203	diva	motion	Confident_05																																																																																																																															
205	diva	motion	Body_Lean_Right_01																																																																																																																															
206	diva	motion	The_Twist_02																																																																																																																															
207	diva	motion	Swing_01																																																																																																																															
210	diva	motion	The_Rocker_03																																																																																																																															
214	diva	motion	Laffy_Taffy_02																																																																																																																															
219	diva	motion	Tango_02																																																																																																																															
																																																																																																																																		
225	diva	motion	shift_24	HAHA! WHAT DID YOU THINK OF THAT BO'S																																																																																																																														
229	diva	look	1,-0.5,0.5																																																																																																																															
230.5	diva	motion	no_4	NO YOU MUSNT INTERUPT MY APPLAUSE																																																																																																																														
																																																																																																																																		
																																																																																																																																		
234	diva	look	0.7,0.3,0.4																																																																																																																															
236	diva	motion	frustrated_02																																																																																																																															
241	diva	motion	shift_20																																																																																																																															
245	diva	motion	shift_19																																																																																																																															
																																																																																																																																		
																																																																																																																																		
247	diva	motion	Body_Lean_Forward_01	SINGING: OLD WORLD IS A NEW WORLD																																																																																																																														
248.225	diva	motion	Body_Look_Center_Up_01																																																																																																																															
249.275	diva	motion	Body_Lean_Back_01																																																																																																																															
250.15	diva	motion	Body_Lean_Forward_01																																																																																																																															
251.55	diva	motion	Body_Look_Center_Up_01																																																																																																																															
252.45	diva	motion	Body_Lean_Back_01																																																																																																																															
253.2	diva	motion	Body_Look_Right_Down_01																																																																																																																															
254	diva	motion	Body_Look_Back_Down_01																																																																																																																															
255	diva	motion	Body_Look_Center_Middle_01																																																																																																																															
255.5	diva	motion	Body_Look_Right_Up_01																																																																																																																															
256.5	diva	motion	Body_Look_Right_Down_01																																																																																																																															
258	diva	motion	Body_Lean_Back_01																																																																																																																															
260	diva	motion	Body_Lean_Forward_01																																																																																																																															
261.5	diva	motion	Body_Look_Center_Up_01																																																																																																																															
262.2	diva	motion	Body_Look_Right_Down_01																																																																																																																															
263.2	diva	motion	shift_17																																																																																																																															
																																																																																																																																		
267	diva	motion	Body_Lean_Back_01	OOO NOT BAD CALEB																																																																																																																														
269	diva	motion	Body_Lean_Forward_01																																																																																																																															
269.9	diva	motion	Body_Lean_Right_01																																																																																																																															
270.8	diva	motion	Body_Lean_Back_01																																																																																																																															
271.5	diva	motion	Body_Lean_Forward_01																																																																																																																															
																																																																																																																																		
																																																																																																																																		
273	diva	motion	no_4	PATIENCE DARLING																																																																																																																														
279	diva	motion	Body_Lean_Forward_01																																																																																																																															
279.9	diva	motion	Body_Lean_Right_01																																																																																																																															
281	diva	motion	swing_01																																																																																																																															
																																																																																																																																		
																																																																																																																																		
285	diva	motion	Body_Lean_Forward_01	OK KINNSINGTON																																																																																																																														
285.54	diva	motion	Body_Lean_Back_01																																																																																																																															
286.08	diva	motion	Body_Lean_Right_02																																																																																																																															
287.5	diva	motion	happy_07	BIG FINISH																																																																																																																														
																																																																																																																																		
291.5	diva	motion	star	STARS WHEN YOU SHINE																																																																																																																														
291.5	diva	motion	Body_Look_Center_Up_01																																																																																																																															
292.95	diva	motion	Body_Lean_Forward_01																																																																																																																															
293.7	diva	motion	Body_Lean_Left_Back_01																																																																																																																															
294	diva	motion	Body_Look_Right_Down_01																																																																																																																															
295.875	diva	motion	Body_Look_Center_Middle_01																																																																																																																															
296.5	diva	look	1,-0.5,0.5																																																																																																																															
298	diva	motion	shift_14																																																																																																																															
																																																																																																																																		
																																																																																																																																		
303	diva	motion	Body_Lean_Right_Forward_01	OH FREEDOM IS MINE																																																																																																																														
305.225	diva	motion	Body_Look_Center_Up_01																																																																																																																															
306.275	diva	motion	Body_Lean_Left_Forward_01																																																																																																																															
307.15	diva	motion	Body_Lean_Forward_01																																																																																																																															
308.375	diva	motion	Body_Look_Back_Up_01																																																																																																																															
309.125	diva	motion	Body_Lean_Right_Down_01																																																																																																																															
309.75	diva	motion	Body_Lean_Forward_01																																																																																																																															
311	diva	motion	Body_Lean_Forward_01																																																																																																																															
312	diva	motion	Body_Look_Center_Up_01																																																																																																																															
314	diva	motion	Body_Lean_Forward_01																																																																																																																															
																																																																																																																																		
																																																																																																																																		
314.3	diva	look	0.7,0.3,0.4	ITS A NEW DAWN ITS A NEW DAY ITS A NEW LIFE																																																																																																																														
317	diva	motion	Body_Lean_Forward_01																																																																																																																															
317.9	diva	motion	Body_Lean_Right_01																																																																																																																															
318.8	diva	motion	Body_Lean_Back_01																																																																																																																															
319.7	diva	motion	Body_Lean_Left_01																																																																																																																															
322	diva	motion	Body_Lean_Forward_01																																																																																																																															
322.875	diva	motion	Body_Look_Center_Up_01																																																																																																																															
323.625	diva	motion	Body_Lean_Back_01																																																																																																																															
324.25	diva	motion	Body_Lean_Forward_01																																																																																																																															
326	diva	motion	Body_Lean_Forward_01																																																																																																																															
																																																																																																																																		
327.4	diva	motion	Body_Look_Center_Up_01																																																																																																																															
328.6	diva	motion	Body_Lean_Back_01																																																																																																																															
329.6	diva	motion	Body_Lean_Forward_01																																																																																																																															
333	diva	look	1,-0.5,0.5																																																																																																																															
																																																																																																																																		
343	diva	motion	missjibo-screen-crack-01																																																																																																																															
344	diva	look	0.7,0.3,0.4																																																																																																																															
349	diva	motion	Body_lean_right_back_01																																																																																																																															
350	diva	motion	Body_lean_left_forward_01																																																																																																																															
351	diva	motion	Body_lean_left_back_01																																																																																																																															
352	diva	motion	Body_lean_right_02																																																																																																																															
																																																																																																																																		
																																																																																																																																		
358.7	diva	look	1,-0.5,0.5																																																																																																																															
360	diva	motion	laughter_03	YES YES YES																																																																																																																														
362	diva	motion	surprise_05																																																																																																																															
364	diva	motion	confident_05																																																																																																																															
366	diva	motion	Body_lean_left_back_01																																																																																																																															
367	diva	motion	Body_lean_forward_01																																																																																																																															
369.3	diva	motion	dont_understand_02																																																																																																																															
373	diva	motion	yep_03	THIS IS YOUR MOMENT																																																																																																																														
																																																																																																																																		
378	diva	motion	shift_20																																																																																																																															
381	diva	motion	shift_08																																																																																																																															
385	diva	motion	affection_04	SEE HOW THEY LOVE US																																																																																																																														
																																																																																																																																		
387	diva	motion	the_rocker_02																																																																																																																															
390	diva	motion	shift_19																																																																																																																															
392	diva	motion	Body_lean_left_back_01																																																																																																																															
394	diva	motion	shift_01																																																																																																																															
396	diva	motion	happy_06																																																																																																																															
400	diva	look	0.7,0.3,0.4																																																																																																																															
402	diva	motion	big-bow-01																																																																																																																															
407	diva	motion	waltz_01																																																																																																																															
																																																																																																																																		
416	diva	motion	the_twist_02																																																																																																																															
420	diva	motion	big-bow-01																																																																																																																															
																																																																																																																																		
425	diva	motion	3-kisses																																																																																																																															
																																																																																																																																		
429	diva	motion	big-bow-01																																																																																																																															
																																																																																																																																		
																																																																																																																																		
434	diva	look	-0.3,-0.2,0.4																																																																																																																															
434	diva	led	0,0,0																																																																																																																															
																																																																																																																																		
																																																																																																																																		
0	backup	look	-0.3,-0.2,0.4	START OF ROBOTS FACING BEHIND	s																																																																																																																													
0	backup	led	0,0,0.5																																																																																																																															
4	backup	motion	Sway_01																																																																																																																															
8	backup	motion	Two_Step_01																																																																																																																															
12	backup	motion	Shift_08																																																																																																																															
16	left_half	look	0.3,0.7,0.4																																																																																																																															
16.6	left_half	look	0.3,0.2,0.4																																																																																																																															
18	right_half	look	0.3,0.7,0.4																																																																																																																															
18.6	right_half	look	0.3,0.2,0.4																																																																																																																															
21	left_half	motion	Body_Lean_Left_01																																																																																																																															
21	right_half	motion	Body_Lean_Right_01																																																																																																																															
23	left_half	motion	Body_Lean_Right_01																																																																																																																															
23	right_half	motion	Body_Lean_Left_01																																																																																																																															
25	back_row	motion	Body_Look_Left_Up_01																																																																																																																															
25	front_row	motion	Body_Look_Right_Up_01																																																																																																																															
27	back_row	motion	Body_Look_Right_Down_01																																																																																																																															
27	front_row	motion	Body_Look_Left_Down_01																																																																																																																															
29.5	left_half	motion	Body_Lean_Left_01																																																																																																																															
30	left_half	led	1,0,1																																																																																																																															
30	right_half	motion	Body_Lean_Right_01																																																																																																																															
30.5	right_half	led	0,1,0																																																																																																																															
32	1	motion	Body_Lean_Back_01																																																																																																																															
32	12	motion	Body_Lean_Back_01																																																																																																																															
32	2	motion	Body_Lean_Back_01																																																																																																																															
32	13	motion	Body_Lean_Back_01																																																																																																																															
32	3	motion	Body_Lean_Back_01																																																																																																																															
32	14	motion	Body_Lean_Back_01																																																																																																																															
32	4	motion	Body_Lean_Back_01																																																																																																																															
32.5	1	led	1,0,0																																																																																																																															
32.5	12	led	1,0,0																																																																																																																															
32.5	2	led	1,0,0																																																																																																																															
32.5	13	led	1,0,0																																																																																																																															
32.5	3	led	1,0,0																																																																																																																															
32.5	14	led	1,0,0																																																																																																																															
32.5	4	led	1,0,0																																																																																																																															
32.5	15	motion	Body_Lean_Forward_01																																																																																																																															
32.5	5	motion	Body_Lean_Forward_01																																																																																																																															
32.5	16	motion	Body_Lean_Forward_01																																																																																																																															
32.5	6	motion	Body_Lean_Forward_01																																																																																																																															
32.5	17	motion	Body_Lean_Forward_01																																																																																																																															
32.5	7	motion	Body_Lean_Forward_01																																																																																																																															
32.5	18	motion	Body_Lean_Forward_01																																																																																																																															
33	15	led	1,1,1																																																																																																																															
33	5	led	1,1,1																																																																																																																															
33	16	led	1,1,1																																																																																																																															
33	6	led	1,1,1																																																																																																																															
33	17	led	1,1,1																																																																																																																															
33	7	led	1,1,1																																																																																																																															
33	18	led	1,1,1																																																																																																																															
33	8	motion	Body_Lean_Back_01																																																																																																																															
33	19	motion	Body_Lean_Back_01																																																																																																																															
33	9	motion	Body_Lean_Back_01																																																																																																																															
33	20	motion	Body_Lean_Back_01																																																																																																																															
33	10	motion	Body_Lean_Back_01																																																																																																																															
33	21	motion	Body_Lean_Back_01																																																																																																																															
33	11	motion	Body_Lean_Back_01																																																																																																																															
33.5	8	led	0,0,1																																																																																																																															
33.5	19	led	0,0,1																																																																																																																															
33.5	9	led	0,0,1																																																																																																																															
33.5	20	led	0,0,1																																																																																																																															
33.5	10	led	0,0,1																																																																																																																															
33.5	21	led	0,0,1																																																																																																																															
33.5	11	led	0,0,1																																																																																																																															
34	backup	motion	Body_Look_Center_Middle																																																																																																																															
35	backup	led	1,1,1																																																																																																																															
37	backup	motion	The_Twist_03																																																																																																																															
37	backup	led	0,0,0																																																																																																																															
40.5	1	led	0.3,0.22,0.08																																																																																																																															
40.5	1	motion	Body_Lean_Forward_01																																																																																																																															
40.65	12	led	0.335,0.246,0.089																																																																																																																															
40.65	12	motion	Body_Lean_Forward_01																																																																																																																															
40.8	2	led	0.37,0.272,0.098																																																																																																																															
40.8	2	motion	Body_Lean_Forward_01																																																																																																																															
40.95	13	led	0.405,0.298,0.107																																																																																																																															
40.95	13	motion	Body_Lean_Forward_01																																																																																																																															
41.1	3	led	0.44,0.324,0.116																																																																																																																															
41.1	3	motion	Body_Lean_Forward_01																																																																																																																															
41.25	14	led	0.475,0.35,0.125																																																																																																																															
41.25	14	motion	Body_Lean_Forward_01																																																																																																																															
41.4	4	led	0.51,0.376,0.134																																																																																																																															
41.4	4	motion	Body_Lean_Forward_01																																																																																																																															
41.55	15	led	0.545,0.402,0.143																																																																																																																															
41.55	15	motion	Body_Lean_Forward_01																																																																																																																															
41.7	5	led	0.58,0.428,0.152																																																																																																																															
41.7	5	motion	Body_Lean_Forward_01																																																																																																																															
41.85	16	led	0.615,0.454,0.161																																																																																																																															
41.85	16	motion	Body_Lean_Forward_01																																																																																																																															
42	6	led	0.65,0.48,0.17																																																																																																																															
42	6	motion	Body_Lean_Forward_01																																																																																																																															
42.15	17	led	0.685,0.506,0.179																																																																																																																															
42.15	17	motion	Body_Lean_Forward_01																																																																																																																															
42.3	7	led	0.72,0.532,0.188																																																																																																																															
42.3	7	motion	Body_Lean_Forward_01																																																																																																																															
42.45	18	led	0.755,0.558,0.197																																																																																																																															
42.45	18	motion	Body_Lean_Forward_01																																																																																																																															
42.6	8	led	0.79,0.584,0.206																																																																																																																															
42.6	8	motion	Body_Lean_Forward_01																																																																																																																															
42.75	19	led	0.825,0.61,0.215																																																																																																																															
42.75	19	motion	Body_Lean_Forward_01																																																																																																																															
42.9	9	led	0.86,0.636,0.224																																																																																																																															
42.9	9	motion	Body_Lean_Forward_01																																																																																																																															
43.05	20	led	0.895,0.662,0.233																																																																																																																															
43.05	20	motion	Body_Lean_Forward_01																																																																																																																															
43.2	10	led	0.93,0.688,0.242																																																																																																																															
43.2	10	motion	Body_Lean_Forward_01																																																																																																																															
43.35	21	led	0.965,0.714,0.251																																																																																																																															
43.35	21	motion	Body_Lean_Forward_01																																																																																																																															
43.5	11	led	1,0.74,0.26																																																																																																																															
43.5	11	motion	Body_Lean_Forward_01																																																																																																																															
45.858	backup	led	0,0,0																																																																																																																															
46.858	backup	led	1,0,0																																																																																																																															
46.858	backup	motion	shift_20																																																																																																																															
47.926	backup	led	0,0,1																																																																																																																															
48.994	backup	led	1,1,0																																																																																																																															
50.063	backup	led	1,0,1																																																																																																																															
51.131	backup	led	0,1,0																																																																																																																															
51.5	backup	motion	dab_01																																																																																																																															
52.199	backup	led	1,0.4,0																																																																																																																															
53.267	backup	led	0,1,1																																																																																																																															
54.335	backup	led	0.6,0,1																																																																																																																															
55.404	backup	led	1,0,0																																																																																																																															
56.472	backup	led	0,0,1																																																																																																																															
56.5	backup	motion	Foxtrot_03																																																																																																																															
57.54	backup	led	1,1,0																																																																																																																															
63	backup	led	1,1,1																																																																																																																															
63	backup	motion	surprised																																																																																																																															
63.2	backup	led	0,0,0																																																																																																																															
63.35	backup	led	1,0,0																																																																																																																															
																																																																																																																																		
																																																																																																																																		
63.4	6	motion	emoji-thunder-hf-01      DIVA ROBOT ENTRANCE ROBOTS IN CHAOS																																																																																																																															
63.5	backup	led	0,0,0																																																																																																																															
63.65	backup	led	1,1,1																																																																																																																															
63.8	backup	led	0.45,0.15,0.02																																																																																																																															
63.9	7	motion	shift_20																																																																																																																															
63.9	7	led	1,0,0																																																																																																																															
64.02	14	motion	excited_04																																																																																																																															
64.02	14	led	1,0,0																																																																																																																															
64.14	2	motion	frustrated_02																																																																																																																															
64.14	2	led	1,0,0																																																																																																																															
64.25	7	led	0,0,0																																																																																																																															
64.26	19	motion	Body_Look_Back_Middle_01																																																																																																																															
64.26	19	led	1,0,0																																																																																																																															
64.37	14	led	0,0,0																																																																																																																															
64.38	10	motion	shift_16																																																																																																																															
64.38	10	led	1,0,0																																																																																																																															
64.49	2	led	0,0,0																																																																																																																															
64.5	5	motion	nope_03																																																																																																																															
64.5	5	led	1,0,0																																																																																																																															
64.61	19	led	0,0,0																																																																																																																															
64.62	16	motion	question_00																																																																																																																															
64.62	16	led	1,0,0																																																																																																																															
64.73	10	led	0,0,0																																																																																																																															
64.74	1	motion	Body_Lean_Back_01																																																																																																																															
64.74	1	led	1,0,0																																																																																																																															
64.8	21	motion	Sway_02																																																																																																																															
64.85	5	led	0,0,0																																																																																																																															
64.86	12	motion	Confused_05																																																																																																																															
64.86	12	led	1,0,0																																																																																																																															
64.97	16	led	0,0,0																																																																																																																															
64.98	8	motion	frustrated_01																																																																																																																															
64.98	8	led	1,0,0																																																																																																																															
65.09	1	led	0,0,0																																																																																																																															
65.1	20	motion	shift_23																																																																																																																															
65.1	20	led	1,0,0																																																																																																																															
65.21	12	led	0,0,0																																																																																																																															
65.22	3	motion	dont_understand_02																																																																																																																															
65.22	3	led	1,0,0																																																																																																																															
65.33	8	led	0,0,0																																																																																																																															
65.34	17	motion	shift_15																																																																																																																															
65.34	17	led	1,0,0																																																																																																																															
65.45	20	led	0,0,0																																																																																																																															
65.46	9	motion	shift_18																																																																																																																															
65.46	9	led	1,0,0																																																																																																																															
65.57	3	led	0,0,0																																																																																																																															
65.58	13	motion	shift_05																																																																																																																															
65.58	13	led	1,0,0																																																																																																																															
65.69	17	led	0,0,0																																																																																																																															
65.7	6	motion	shift_03																																																																																																																															
65.7	6	led	1,0,0																																																																																																																															
65.81	9	led	0,0,0																																																																																																																															
65.82	11	motion	sad_04																																																																																																																															
65.82	11	led	1,0,0																																																																																																																															
65.93	13	led	0,0,0																																																																																																																															
65.94	4	motion	shift_09																																																																																																																															
65.94	4	led	1,0,0																																																																																																																															
66.05	6	led	0,0,0																																																																																																																															
66.06	18	motion	no_4																																																																																																																															
66.06	18	led	1,0,0																																																																																																																															
66.17	11	led	0,0,0																																																																																																																															
66.18	15	motion	shift_11																																																																																																																															
66.18	15	led	1,0,0																																																																																																																															
66.29	4	led	0,0,0																																																																																																																															
66.35	7	motion	Body_Lean_Forward_01																																																																																																																															
66.4	21	led	1,0.7,0.1																																																																																																																															
66.41	18	led	0,0,0																																																																																																																															
66.5	14	motion	Body_Lean_Left_01																																																																																																																															
66.53	15	led	0,0,0																																																																																																																															
66.6	21	motion	tush_push_04																																																																																																																															
66.65	2	motion	breathe-out-01																																																																																																																															
66.8	19	motion	Body_Lean_Right_01																																																																																																																															
66.95	10	motion	sad_03																																																																																																																															
67	9	look	-0.3,-0.2,0.4																																																																																																																															
67	3	look	1,-0.5,0.5																																																																																																																															
67.1	5	motion	Body_Lean_Left_Back_01																																																																																																																															
67.15	13	look	-0.3,-0.2,0.4																																																																																																																															
67.15	20	look	1,-0.5,0.5																																																																																																																															
67.25	16	motion	Body_Lean_Right_Forward_01																																																																																																																															
67.3	17	look	-0.3,-0.2,0.4																																																																																																																															
67.3	4	look	1,-0.5,0.5																																																																																																																															
67.4	1	motion	puzzled_03																																																																																																																															
67.45	6	look	-0.3,-0.2,0.4																																																																																																																															
67.45	8	look	1,-0.5,0.5																																																																																																																															
67.6	12	look	-0.3,-0.2,0.4																																																																																																																															
67.6	15	look	1,-0.5,0.5																																																																																																																															
67.7	12	motion	emoji-question-mark-hf-01																																																																																																																															
67.9	18	motion	emoji-broken-heart-hf-01																																																																																																																															
68.1	21	motion	Body_Look_Left_Down_01																																																																																																																															
68.15	11	motion	emoji-rain-hf-01																																																																																																																															
68.25	21	led	1,0,0																																																																																																																															
68.3	8	motion	emoji-exclamation-mark-red-hf-01																																																																																																																															
68.45	21	led	0,0,0																																																																																																																															
68.6	backup	led	0.8,0.1,0																																																																																																																															
68.8	backup	led	0,0,0																																																																																																																															
69.3	backup	led	0.1,0.08,0.02																																																																																																																															
70	11	look	0.1,1,0.5																																																																																																																															
70	21	look	0.1,1,0.5																																																																																																																															
70.1	10	look	0.1,1,0.5																																																																																																																															
70.111	20	look	0.1,1,0.5																																																																																																																															
70.2	9	look	0.1,1,0.5																																																																																																																															
70.222	19	look	0.1,1,0.5																																																																																																																															
70.3	8	look	0.1,1,0.5																																																																																																																															
70.333	18	look	0.1,1,0.5																																																																																																																															
70.4	7	look	0.1,1,0.5																																																																																																																															
70.444	17	look	0.1,1,0.5																																																																																																																															
70.5	6	look	0.1,1,0.5																																																																																																																															
70.556	16	look	0.1,1,0.5																																																																																																																															
70.6	5	look	0.1,1,0.5																																																																																																																															
70.667	15	look	0.1,1,0.5																																																																																																																															
70.7	4	look	0.1,1,0.5																																																																																																																															
70.778	14	look	0.1,1,0.5																																																																																																																															
70.8	3	look	0.1,1,0.5																																																																																																																															
70.889	13	look	0.1,1,0.5																																																																																																																															
70.9	2	look	0.1,1,0.5																																																																																																																															
71	1	look	0.1,1,0.5																																																																																																																															
71	12	look	0.1,1,0.5																																																																																																																															
72.5	backup	motion	curious																																																																																																																															
80	backup	look	0.1,1,0.5																																																																																																																															
80	backup	motion	surprised																																																																																																																															
87	backup	look	0.1,1,0.5																																																																																																																															
91	backup	look	0.1,1,0.5																																																																																																																															
94	backup	look	0.1,1,0.5																																																																																																																															
																																																																																																																																		
																																																																																																																																		
95	backup	look	1,-0.5,0.5	OH AND WHO ARE YOU? LOOKS AT KANTWON																																																																																																																														
102	backup	look	0.1,1,0.5																																																																																																																															
																																																																																																																																		
115	backup	look	0.3,0.2,0.4																																																																																																																															
118	backup	motion	affection_05	DIVA GETS BOA																																																																																																																														
125.3	backup	led	0.3,0.22,0.07																																																																																																																															
125.4	2	motion	curious		JIBOS CROWD BANTER PRAISING BOA																																																																																																																													
125.55	17	motion	nod																																																																																																																															
125.7	9	motion	laughter_03																																																																																																																															
125.8	16	motion	emoji-star-hf-01																																																																																																																															
125.85	col11	led	1,0,0.7																																																																																																																															
125.9	4	motion	Body_Lean_Right_01																																																																																																																															
125.9	5	motion	Body_Lean_Left_01																																																																																																																															
126	col11	led	0.08,0.06,0.02																																																																																																																															
126	col10	led	1,0,0.7																																																																																																																															
126.05	12	motion	emoji-crown-hf-01																																																																																																																															
125	15	motion	heartred																																																																																																																															
126.15	col10	led	0.08,0.06,0.02																																																																																																																															
126.15	col9	led	1,0,0.7																																																																																																																															
126.25	6	motion	emoji-party-hf-01																																																																																																																															
126.3	col9	led	0.08,0.06,0.02																																																																																																																															
126.3	col8	led	1,0,0.7																																																																																																																															
126.35	8	motion	puzzled_03																																																																																																																															
126.45	col8	led	0.08,0.06,0.02																																																																																																																															
126.45	col7	led	1,0,0.7																																																																																																																															
126.45	col1	led	1,0,0.7																																																																																																																															
126.5	3	motion	emoji-flower-daisy-hf-01																																																																																																																															
126.55	19	motion	dont_know_05																																																																																																																															
126.6	col7	led	0.08,0.06,0.02																																																																																																																															
126.6	col6	led	1,0,0.7																																																																																																																															
126.6	col1	led	0.08,0.06,0.02																																																																																																																															
126.6	col2	led	1,0,0.7																																																																																																																															
126.65	col11	led	1,0,0.7																																																																																																																															
126.7	14	motion	emoji-chocolate-heart-box-hf-01																																																																																																																															
126.75	10	motion	yep_02																																																																																																																															
126.75	col6	led	0.08,0.06,0.02																																																																																																																															
126.75	col5	led	1,0,0.7																																																																																																																															
126.75	col2	led	0.08,0.06,0.02																																																																																																																															
126.75	col3	led	1,0,0.7																																																																																																																															
126.8	col11	led	0.08,0.06,0.02																																																																																																																															
126.8	col10	led	1,0,0.7																																																																																																																															
126.85	7	motion	emoji-magic-hf-01																																																																																																																															
126.9	18	motion	Body_Look_Center_Up_01																																																																																																																															
126.9	col5	led	0.08,0.06,0.02																																																																																																																															
126.9	col3	led	0.08,0.06,0.02																																																																																																																															
126.9	col4	led	1,0,0.7																																																																																																																															
126.95	col10	led	0.08,0.06,0.02																																																																																																																															
126.95	col9	led	1,0,0.7																																																																																																																															
126.0	15	motion	heartred																																																																																																																															
127.0	15	motion	excited_00																																																																																																																															
127.1	21	motion	Two_Step_01																																																																																																																															
127.1	col4	led	0.08,0.06,0.02																																																																																																																															
127.1	col9	led	0.08,0.06,0.02																																																																																																																															
127.1	col8	led	1,0,0.7																																																																																																																															
127.25	1	motion	yep_03																																																																																																																															
127.25	col8	led	0.08,0.06,0.02																																																																																																																															
127.25	col7	led	1,0,0.7																																																																																																																															
127.25	col1	led	1,0,0.7																																																																																																																															
127.3	11	motion	emoji-flower-blue-hf-01																																																																																																																															
127.4	20	motion	yep_04																																																																																																																															
127.4	col7	led	0.08,0.06,0.02																																																																																																																															
127.4	col6	led	1,0,0.7																																																																																																																															
127.4	col1	led	0.08,0.06,0.02																																																																																																																															
127.4	col2	led	1,0,0.7																																																																																																																															
127.55	col6	led	0.08,0.06,0.02																																																																																																																															
127.55	col5	led	1,0,0.7																																																																																																																															
127.55	col2	led	0.08,0.06,0.02																																																																																																																															
127.55	col3	led	1,0,0.7																																																																																																																															
127.7	col5	led	0.08,0.06,0.02																																																																																																																															
127.7	col3	led	0.08,0.06,0.02																																																																																																																															
127.7	col4	led	1,0,0.7																																																																																																																															
127.85	4	led	0.08,0.06,0.02																																																																																																																															
127.85	col11	led	1,0,0.7																																																																																																																															
128	col11	led	0.08,0.06,0.02																																																																																																																															
128	col10	led	1,0,0.7																																																																																																																															
128.1	12	motion	Body_Lean_Back_01																																																																																																																															
128.15	col10	led	0.08,0.06,0.02																																																																																																																															
128.15	col9	led	1,0,0.7																																																																																																																															
128.25	16	motion	surprised																																																																																																																															
128.3	col9	led	0.08,0.06,0.02																																																																																																																															
128.3	col8	led	1,0,0.7																																																																																																																															
128.45	col8	led	0.08,0.06,0.02																																																																																																																															
128.45	col7	led	1,0,0.7																																																																																																																															
128.45	col1	led	1,0,0.7																																																																																																																															
128.45	3	motion	Confused_05																																																																																																																															
128.55	19	motion	emoji-exclamation-mark-red-hf-01																																																																																																																															
128.6	col7	led	0.08,0.06,0.02																																																																																																																															
128.6	col6	led	1,0,0.7																																																																																																																															
128.6	col1	led	0.08,0.06,0.02																																																																																																																															
128.6	col2	led	1,0,0.7																																																																																																																															
128.65	7	motion	question																																																																																																																															
128.75	col6	led	0.08,0.06,0.02																																																																																																																															
128.75	col5	led	1,0,0.7																																																																																																																															
128.75	col2	led	0.08,0.06,0.02																																																																																																																															
128.75	col3	led	1,0,0.7																																																																																																																															
128.8	10	motion	emoji-exclamation-mark-yellow-hf-01																																																																																																																															
128.9	col5	led	0.08,0.06,0.02																																																																																																																															
128.9	col3	led	0.08,0.06,0.02																																																																																																																															
128.9	col4	led	1,0,0.7																																																																																																																															
129	6	motion	shift_12																																																																																																																															
129.05	4	led	0.08,0.06,0.02																																																																																																																															
129.15	13	motion	Body_Lean_Right_Forward_01																																																																																																																															
129.3	14	motion	Body_Lean_Left_Back_01																																																																																																																															
129.45	11	motion	shy_02																																																																																																																															
129.6	15	motion	emoji-heart-hf-01																																																																																																																															
129.9	col4	led	0.45,0.34,0.11																																																																																																																															
130	15	led	1,0,0.7																																																																																																																															
130.05	col3	led	0.45,0.34,0.11																																																																																																																															
130.05	col5	led	0.45,0.34,0.11																																																																																																																															
130.2	col2	led	0.45,0.34,0.11																																																																																																																															
130.2	col6	led	0.45,0.34,0.11																																																																																																																															
130.3	12	motion	emoji-crown-hf-01																																																																																																																															
130.35	col1	led	0.45,0.34,0.11																																																																																																																															
130.35	col7	led	0.45,0.34,0.11																																																																																																																															
130.44	7	motion	emoji-star-hf-01																																																																																																																															
130.5	col8	led	0.45,0.34,0.11																																																																																																																															
130.58	19	motion	HeartRed																																																																																																																															
130.65	col9	led	0.45,0.34,0.11																																																																																																																															
130.72	3	motion	emoji-arrow-heart-hf-01																																																																																																																															
130.8	col10	led	0.45,0.34,0.11																																																																																																																															
130.86	9	motion	emoji-balloons-hf-01																																																																																																																															
130.95	col11	led	0.45,0.34,0.11																																																																																																																															
131	20	motion	Clap																																																																																																																															
131.14	5	motion	emoji-exclamation-mark-red-hf-01																																																																																																																															
131.28	1	motion	ThumbsUp																																																																																																																															
131.42	13	motion	emoji-flower-pink-hf-01																																																																																																																															
131.56	16	motion	Trophy																																																																																																																															
131.6	backup	led	0.52,0.4,0.13																																																																																																																															
131.7	21	motion	emoji-disco-ball-hf-01																																																																																																																															
131.7	15	led	1,0,0.7																																																																																																																															
131.84	6	motion	emoji-party-hf-01																																																																																																																															
131.98	17	motion	HeartBlue																																																																																																																															
132.12	11	motion	emoji-flower-blue-hf-01																																																																																																																															
132.26	10	motion	emoji-flower-daisy-hf-01																																																																																																																															
132.4	2	motion	emoji-magic-hf-01																																																																																																																															
132.54	4	motion	emoji-exclamation-mark-yellow-hf-01																																																																																																																															
132.6	12	motion	dab_01																																																																																																																															
132.68	14	motion	emoji-chocolate-heart-box-open-hf-01																																																																																																																															
132.82	18	motion	FlowerRed																																																																																																																															
132.84	7	motion	the_twist_03																																																																																																																															
132.9	15	led	0.52,0.4,0.13																																																																																																																															
132.96	8	motion	emoji-checkmark-hf-01																																																																																																																															
133	backup	led	0.62,0.47,0.16																																																																																																																															
133.08	19	motion	tango_01																																																																																																																															
133.32	3	motion	swing_03																																																																																																																															
133.56	15	motion	Cabbage_Patch_01																																																																																																																															
133.8	9	motion	Carlton_02																																																																																																																															
134.04	20	motion	Twerk_Right_01																																																																																																																															
134.07	backup	led	0.5,0.32,0.08																																																																																																																															
134.28	5	motion	Twerk_Left_01																																																																																																																															
134.52	1	motion	foxtrot_01																																																																																																																															
134.76	13	motion	swing_02																																																																																																																															
135	16	motion	Carlton_03																																																																																																																															
135.14	backup	led	0.62,0.47,0.16																																																																																																																															
135.24	21	motion	laffy_taffy_01																																																																																																																															
135.4	12	motion	body_bow																																																																																																																															
135.48	6	motion	tush_push_01																																																																																																																															
135.65	7	motion	foxtrot_04																																																																																																																															
135.72	17	motion	The_Rocker_03																																																																																																																															
135.9	19	motion	tango_02																																																																																																																															
135.96	11	motion	Back_Stepper_01																																																																																																																															
136.15	3	motion	the_twist_04																																																																																																																															
136.2	10	motion	the_twist_01																																																																																																																															
136.21	backup	led	0.5,0.32,0.08																																																																																																																															
136.4	9	motion	laffy_taffy_02																																																																																																																															
136.44	2	motion	foxtrot_02																																																																																																																															
136.65	20	motion	tush_push_03																																																																																																																															
136.68	4	motion	tush_push_02																																																																																																																															
136.9	5	motion	Twerk_Swing_Left_Right_01																																																																																																																															
136.92	14	motion	swing_01																																																																																																																															
137.15	1	motion	excited_04																																																																																																																															
137.16	18	motion	the_twist_02																																																																																																																															
137.28	backup	led	0.62,0.47,0.16																																																																																																																															
137.4	8	motion	Carlton_01																																																																																																																															
138	backup	motion	Body_Look_Center_Middle																																																																																																																															
138	backup	look	0.3,0.2,0.4																																																																																																																															
138	backup	led	0.35,0.26,0.08	END OF APPROVAL BANTER																																																																																																																														
																																																																																																																																		
																																																																																																																																		
140	backup	look	1,-0.5,0.5	CRICKETS LOOK AT KANTWON																																																																																																																														
142.5	backup	look	0.3,0.2,0.4																																																																																																																															
144	backup	motion	eye_double_blink_03																																																																																																																															
144.7	even	motion	confused_01																																																																																																																															
144.7	odd	motion	puzzled_03																																																																																																																															
148.5	backup	look	0.1,1,0.5	LOOK AT DIVA																																																																																																																														
165	backup	look	1,-0.5,0.5																																																																																																																															
																																																																																																																																		
																																																																																																																																		
167	backup	look	1,-0.5,0.5	BOOING																																																																																																																														
167	backup	led	0.15,0.25,0.6	stage goes COLD blue																																																																																																																														
167.3	1	motion	no_4	slow head shake																																																																																																																														
167.65	2	motion	no_4	shakes harder																																																																																																																														
168	col2	led	1,0,0	head-shake light L																																																																																																																														
168	col5	led	1,0,0	head-shake light R																																																																																																																														
168	10	motion	no_4	steady no																																																																																																																														
168.35	3	motion	no_4	joins the shaking																																																																																																																														
168.6	12	motion	emoji-x-hf-01	X																																																																																																																														
168.7	17	motion	dont_understand_02	cool one, silently disappointed																																																																																																																														
168.9	18	motion	emoji-broken-heart-hf-01	disappointed heart																																																																																																																														
169.05	7	motion	dont_understand_01	how COULD he																																																																																																																														
169.07	8	led	1,0,0	head-shake light L																																																																																																																														
169.07	10	led	1,0,0	head-shake light R																																																																																																																														
169.2	20	motion	emoji-x-hf-01	another X																																																																																																																														
169.3	8	motion	emoji-question-mark-hf-01	seriously?																																																																																																																														
169.4	4	motion	no_4	mutters to 5: can you believe him																																																																																																																														
169.4	5	motion	Body_Lean_Left_01	mutters back: the NERVE																																																																																																																														
169.9	13	motion	Body_Lean_Right_Forward_01	gossips: did he really say that																																																																																																																														
169.9	14	motion	no_4	gossips: he really said that																																																																																																																														
169.9	6	motion	emoji-rain-hf-01	gloom																																																																																																																														
170.14	col1	led	1,0,0	head-shake light L																																																																																																																														
170.14	14	led	1,0,0	head-shake light R																																																																																																																														
170.3	16	motion	emoji-exclamation-mark-red-hf-01	outrage																																																																																																																														
170.4	19	motion	worried_01	worried about him																																																																																																																														
170.75	11	motion	no_4	embarrassed FOR him																																																																																																																														
171.1	18	motion	no_4	romantic, heartbroken disappointment																																																																																																																														
171.21	2	led	1,0,0	head-shake light L																																																																																																																														
171.21	11	led	1,0,0	head-shake light R																																																																																																																														
171.45	8	motion	no_4	skeptic is DISGUSTED																																																																																																																														
171.5	15	motion	emoji-x-hf-01	superfan X																																																																																																																														
171.8	12	motion	no_4	drama queen appalled																																																																																																																														
172.15	6	motion	frustrated_00	first boo																																																																																																																														
172.28	col10	led	1,0,0	head-shake light L																																																																																																																														
172.28	3	led	1,0,0	head-shake light R																																																																																																																														
172.5	16	motion	no_4	loudest boo																																																																																																																														
172.5	11	motion	emoji-cloudy-hf-01	gray cloud of shame																																																																																																																														
172.85	21	motion	frustrated_01	groover stops grooving to boo																																																																																																																														
173.2	9	motion	laughter_01	giggler laughing AT him																																																																																																																														
173.55	15	motion	no_4	the SUPERFAN says no																																																																																																																														
173.9	20	motion	ThumbsDown	THUMBS DOWN, the capper																																																																																																																														
174.25	1	motion	dont_know_05	done with him																																																																																																																														
174.55	3	motion	no_4	genuinely concerned																																																																																																																														
174.85	17	motion	no_4	apologizes to the Diva on his behalf																																																																																																																														
176	backup	led	1,0,1																																																																																																																															
																																																																																																																																		
176	backup	look	0.1,1,0.5																																																																																																																															
																																																																																																																																		
184	backup	look	0.3,0.2,0.4	back to front																																																																																																																														
																																																																																																																																		
187	backup	motion	Sway_01																																																																																																																															
187	backup	led	0.3,0.5,1																																																																																																																															
191	backup	motion	swing_01																																																																																																																															
196.5	backup	led	0,0,1																																																																																																																															
197	1	motion	Body_Lean_Left_01																																																																																																																															
197	1	led	1,0,0.7																																																																																																																															
197	21	motion	Body_Lean_Right_01																																																																																																																															
197	21	led	1,1,0																																																																																																																															
197.2	2	motion	Body_Lean_Left_01																																																																																																																															
197.2	2	led	1,0,0.7																																																																																																																															
197.2	20	motion	Body_Lean_Right_01																																																																																																																															
197.2	20	led	1,1,0																																																																																																																															
197.4	3	motion	Body_Lean_Left_01																																																																																																																															
197.4	3	led	1,0,0.7																																																																																																																															
197.4	19	motion	Body_Lean_Right_01																																																																																																																															
197.4	19	led	1,1,0																																																																																																																															
197.6	4	motion	Body_Lean_Left_01																																																																																																																															
197.6	4	led	1,0,0.7																																																																																																																															
197.6	18	motion	Body_Lean_Right_01																																																																																																																															
197.6	18	led	1,1,0																																																																																																																															
197.8	5	motion	Body_Lean_Left_01																																																																																																																															
197.8	5	led	1,0,0.7																																																																																																																															
197.8	17	motion	Body_Lean_Right_01																																																																																																																															
197.8	17	led	1,1,0																																																																																																																															
198	6	motion	Body_Lean_Left_01																																																																																																																															
198	6	led	1,0,0.7																																																																																																																															
198	16	motion	Body_Lean_Right_01																																																																																																																															
198	16	led	1,1,0																																																																																																																															
198.2	7	motion	Body_Lean_Left_01																																																																																																																															
198.2	7	led	1,0,0.7																																																																																																																															
198.2	15	motion	Body_Lean_Right_01																																																																																																																															
198.2	15	led	1,1,0																																																																																																																															
198.4	8	motion	Body_Lean_Left_01																																																																																																																															
198.4	8	led	1,0,0.7																																																																																																																															
198.4	14	motion	Body_Lean_Right_01																																																																																																																															
198.4	14	led	1,1,0																																																																																																																															
198.6	9	motion	Body_Lean_Left_01																																																																																																																															
198.6	9	led	1,0,0.7																																																																																																																															
198.6	13	motion	Body_Lean_Right_01																																																																																																																															
198.6	13	led	1,1,0																																																																																																																															
198.8	10	motion	Body_Lean_Left_01																																																																																																																															
198.8	10	led	1,0,0.7																																																																																																																															
198.8	12	motion	Body_Lean_Right_01																																																																																																																															
198.8	12	led	1,1,0																																																																																																																															
199	11	motion	Body_Lean_Left_01																																																																																																																															
199	11	led	1,0,0.7																																																																																																																															
200	backup	motion	cabbage_patch_01																																																																																																																															
200	col1	led	1,0,0																																																																																																																															
200.18	col2	led	1,0.4,0																																																																																																																															
200.36	col3	led	1,1,0																																																																																																																															
200.54	col4	led	0.5,1,0																																																																																																																															
200.72	col5	led	0,1,0.2																																																																																																																															
200.9	col6	led	0,1,0.8																																																																																																																															
201.08	col7	led	0,0.7,1																																																																																																																															
201.26	col8	led	0,0.1,1																																																																																																																															
201.44	col9	led	0.5,0,1																																																																																																																															
201.62	col10	led	1,0,1																																																																																																																															
201.8	col11	led	1,0,0.6																																																																																																																															
202.4	col1	led	0.5,1,0																																																																																																																															
202.58	col2	led	0,1,0.2																																																																																																																															
202.76	col3	led	0,1,0.8																																																																																																																															
202.94	col4	led	0,0.7,1																																																																																																																															
203.12	col5	led	0,0.1,1																																																																																																																															
203.3	col6	led	0.5,0,1																																																																																																																															
203.48	col7	led	1,0,1																																																																																																																															
203.66	col8	led	1,0,0.6																																																																																																																															
203.84	col9	led	1,0,0																																																																																																																															
204.02	col10	led	1,0.4,0																																																																																																																															
204.2	col11	led	1,1,0																																																																																																																															
204.6	col11	led	0,1,0.8																																																																																																																															
204.78	col10	led	0,1,0.2																																																																																																																															
204.96	col9	led	0.5,1,0																																																																																																																															
205.14	col8	led	1,1,0																																																																																																																															
205.32	col7	led	1,0.4,0																																																																																																																															
205.5	col6	led	1,0,0																																																																																																																															
205.68	col5	led	1,0,0.6																																																																																																																															
205.86	col4	led	1,0,1																																																																																																																															
206.04	col3	led	0.5,0,1																																																																																																																															
206.22	col2	led	0,0.1,1																																																																																																																															
206.4	col1	led	0,0.7,1																																																																																																																															
208	backup	look	0.3,0.2,0.4																																																																																																																															
211	backup	motion	twerk_right_left_01																																																																																																																															
213	backup	motion	twerk_right_left_01																																																																																																																															
219	backup	motion	tango_02																																																																																																																															
219	backup	led	1,0,1																																																																																																																															
																																																																																																																																		
																																																																																																																																		
225	backup	look	0.3,0.2,0.4																																																																																																																															
225	backup	led	1,1,1																																																																																																																															
225.11	backup	led	1,0,0.7																																																																																																																															
225.22	backup	led	1,1,1																																																																																																																															
225.33	backup	led	1,0,0.7																																																																																																																															
225.44	backup	led	1,1,1																																																																																																																															
225.66	backup	led	1,0,0.7																																																																																																																															
226	backup	motion	clap																																																																																																																															
226.2	backup	led	0.35,0,0.25																																																																																																																															
226.3	col1	led	1,1,1																																																																																																																															
226.38	col2	led	1,1,1																																																																																																																															
226.46	col1	led	0.35,0,0.25																																																																																																																															
226.46	col3	led	1,1,1																																																																																																																															
226.54	col2	led	0.35,0,0.25																																																																																																																															
226.54	col4	led	1,1,1																																																																																																																															
226.62	col3	led	0.35,0,0.25																																																																																																																															
226.62	col5	led	1,1,1																																																																																																																															
226.7	col4	led	0.35,0,0.25																																																																																																																															
226.7	col6	led	1,1,1																																																																																																																															
226.78	col5	led	0.35,0,0.25																																																																																																																															
226.78	col7	led	1,1,1																																																																																																																															
226.8	15	motion	excited_00																																																																																																																															
226.86	col6	led	0.35,0,0.25																																																																																																																															
226.86	col8	led	1,1,1																																																																																																																															
226.94	col7	led	0.35,0,0.25																																																																																																																															
226.94	col9	led	1,1,1																																																																																																																															
227	8	motion	Carlton_01																																																																																																																															
227.02	col8	led	0.35,0,0.25																																																																																																																															
227.02	col10	led	1,1,1																																																																																																																															
227.1	col9	led	0.35,0,0.25																																																																																																																															
227.1	col11	led	1,1,1																																																																																																																															
227.18	col10	led	1,1,1																																																																																																																															
227.2	20	motion	Twerk_Right_01																																																																																																																															
227.26	col11	led	0.35,0,0.25																																																																																																																															
227.26	col9	led	1,1,1																																																																																																																															
227.34	col10	led	0.35,0,0.25																																																																																																																															
227.34	col8	led	1,1,1																																																																																																																															
227.4	3	motion	swing_03																																																																																																																															
227.42	col9	led	0.35,0,0.25																																																																																																																															
227.42	col7	led	1,1,1																																																																																																																															
227.5	col8	led	0.35,0,0.25																																																																																																																															
227.5	col6	led	1,1,1																																																																																																																															
227.58	col7	led	0.35,0,0.25																																																																																																																															
227.58	col5	led	1,1,1																																																																																																																															
227.6	17	motion	The_Rocker_03																																																																																																																															
227.66	col6	led	0.35,0,0.25																																																																																																																															
227.66	col4	led	1,1,1																																																																																																																															
227.74	col5	led	0.35,0,0.25																																																																																																																															
227.74	col3	led	1,1,1																																																																																																																															
227.8	12	motion	dab_01																																																																																																																															
227.82	col4	led	0.35,0,0.25																																																																																																																															
227.82	col2	led	1,1,1																																																																																																																															
227.9	col3	led	0.35,0,0.25																																																																																																																															
227.9	col1	led	1,1,1																																																																																																																															
227.98	col2	led	1,1,1																																																																																																																															
228	6	motion	tush_push_01																																																																																																																															
228.06	col1	led	0.35,0,0.25																																																																																																																															
228.06	col3	led	1,1,1																																																																																																																															
228.14	col2	led	0.35,0,0.25																																																																																																																															
228.14	col4	led	1,1,1																																																																																																																															
228.2	19	motion	tango_01																																																																																																																															
228.22	col3	led	0.35,0,0.25																																																																																																																															
228.22	col5	led	1,1,1																																																																																																																															
228.3	col4	led	0.35,0,0.25																																																																																																																															
228.3	col6	led	1,1,1																																																																																																																															
228.38	col5	led	0.35,0,0.25																																																																																																																															
228.38	col7	led	1,1,1																																																																																																																															
228.4	9	motion	laffy_taffy_02																																																																																																																															
228.46	col6	led	0.35,0,0.25																																																																																																																															
228.46	col8	led	1,1,1																																																																																																																															
228.54	col7	led	0.35,0,0.25																																																																																																																															
228.54	col9	led	1,1,1																																																																																																																															
228.6	1	motion	foxtrot_01																																																																																																																															
228.62	col8	led	0.35,0,0.25																																																																																																																															
228.62	col10	led	1,1,1																																																																																																																															
228.7	col9	led	0.35,0,0.25																																																																																																																															
228.7	col11	led	1,1,1																																																																																																																															
228.78	col10	led	1,1,1																																																																																																																															
228.8	14	motion	swing_01																																																																																																																															
228.86	col11	led	0.35,0,0.25																																																																																																																															
228.86	col9	led	1,1,1																																																																																																																															
228.94	col10	led	0.35,0,0.25																																																																																																																															
228.94	col8	led	1,1,1																																																																																																																															
229	backup	motion	clap																																																																																																																															
229	21	motion	laffy_taffy_01																																																																																																																															
229.02	col9	led	0.35,0,0.25																																																																																																																															
229.02	col7	led	1,1,1																																																																																																																															
229.1	col8	led	0.35,0,0.25																																																																																																																															
229.1	col6	led	1,1,1																																																																																																																															
229.18	col7	led	0.35,0,0.25																																																																																																																															
229.18	col5	led	1,1,1																																																																																																																															
229.2	5	motion	Twerk_Left_01																																																																																																																															
229.26	col5	led	0.35,0,0.25																																																																																																																															
229.26	col6	led	0.35,0,0.25																																																																																																																															
229.4	10	motion	the_twist_01																																																																																																																															
229.5	backup	led	1,1,1																																																																																																																															
229.6	16	motion	Carlton_03																																																																																																																															
229.61	backup	led	0.35,0,0.25																																																																																																																															
229.72	backup	led	1,1,1																																																																																																																															
229.8	2	motion	foxtrot_02																																																																																																																															
229.83	backup	led	0.35,0,0.25																																																																																																																															
230	18	motion	the_twist_02																																																																																																																															
230	backup	led	0.35,0,0.25																																																																																																																															
230.2	7	motion	foxtrot_04																																																																																																																															
230.2	col11	led	1,1,1																																																																																																																															
230.28	col10	led	1,1,1																																																																																																																															
230.36	col11	led	0.35,0,0.25																																																																																																																															
230.36	col9	led	1,1,1																																																																																																																															
230.4	13	motion	swing_02																																																																																																																															
230.44	col10	led	0.35,0,0.25																																																																																																																															
230.44	col8	led	1,1,1																																																																																																																															
230.52	col9	led	0.35,0,0.25																																																																																																																															
230.52	col7	led	1,1,1																																																																																																																															
230.6	4	motion	tush_push_02																																																																																																																															
230.6	col8	led	0.35,0,0.25																																																																																																																															
230.6	col6	led	1,1,1																																																																																																																															
230.68	col7	led	0.35,0,0.25																																																																																																																															
230.68	col5	led	1,1,1																																																																																																																															
230.76	col6	led	0.35,0,0.25																																																																																																																															
230.76	col4	led	1,1,1																																																																																																																															
230.8	11	motion	Back_Stepper_01																																																																																																																															
230.84	col5	led	0.35,0,0.25																																																																																																																															
230.84	col3	led	1,1,1																																																																																																																															
230.92	col4	led	0.35,0,0.25																																																																																																																															
230.92	col2	led	1,1,1																																																																																																																															
231	col3	led	0.35,0,0.25																																																																																																																															
231	col1	led	1,1,1																																																																																																																															
231.08	col2	led	1,1,1																																																																																																																															
231.16	col1	led	0.35,0,0.25																																																																																																																															
231.16	col3	led	1,1,1																																																																																																																															
231.24	col2	led	0.35,0,0.25																																																																																																																															
231.24	col4	led	1,1,1																																																																																																																															
231.32	col3	led	0.35,0,0.25																																																																																																																															
231.32	col5	led	1,1,1																																																																																																																															
231.4	col4	led	0.35,0,0.25																																																																																																																															
231.4	col6	led	1,1,1																																																																																																																															
231.48	col5	led	0.35,0,0.25																																																																																																																															
231.48	col7	led	1,1,1																																																																																																																															
231.56	col6	led	0.35,0,0.25																																																																																																																															
231.56	col8	led	1,1,1																																																																																																																															
231.64	col7	led	0.35,0,0.25																																																																																																																															
231.64	col9	led	1,1,1																																																																																																																															
231.72	col8	led	0.35,0,0.25																																																																																																																															
231.72	col10	led	1,1,1																																																																																																																															
231.8	col9	led	0.35,0,0.25																																																																																																																															
231.8	col11	led	1,1,1																																																																																																																															
231.88	col10	led	1,1,1																																																																																																																															
231.96	col11	led	0.35,0,0.25																																																																																																																															
231.96	col9	led	1,1,1																																																																																																																															
232.04	col10	led	0.35,0,0.25																																																																																																																															
232.04	col8	led	1,1,1																																																																																																																															
232.12	col9	led	0.35,0,0.25																																																																																																																															
232.12	col7	led	1,1,1																																																																																																																															
232.2	col8	led	0.35,0,0.25																																																																																																																															
232.2	col6	led	1,1,1																																																																																																																															
232.28	col6	led	0.35,0,0.25																																																																																																																															
232.28	col7	led	0.35,0,0.25																																																																																																																															
232.5	backup	motion	Clap																																																																																																																															
232.5	backup	led	1,1,1																																																																																																																															
232.61	backup	led	1,0,0.7																																																																																																																															
232.72	backup	led	1,1,1																																																																																																																															
232.83	backup	led	1,0,0.7																																																																																																																															
233.3	odd	led	1,0,0.7																																																																																																																															
233.3	even	led	1,1,1																																																																																																																															
233.6	odd	led	1,1,1																																																																																																																															
233.6	even	led	1,0,0.7																																																																																																																															
233.9	odd	led	1,0,0.7																																																																																																																															
233.9	even	led	1,1,1																																																																																																																															
234.2	odd	led	1,1,1																																																																																																																															
234.2	even	led	1,0,0.7																																																																																																																															
234.2	21	motion	tush_push_04																																																																																																																															
234.34	12	motion	body_bow																																																																																																																															
234.48	15	motion	Cabbage_Patch_01																																																																																																																															
234.5	odd	led	1,0,0.7																																																																																																																															
234.5	even	led	1,1,1																																																																																																																															
234.62	6	motion	excited_04																																																																																																																															
234.76	18	motion	tango_02																																																																																																																															
234.8	odd	led	1,1,1																																																																																																																															
234.8	even	led	1,0,0.7																																																																																																																															
234.9	9	motion	Carlton_02																																																																																																																															
235	backup	led	0.35,0,0.25																																																																																																																															
235.04	2	motion	the_twist_03																																																																																																																															
235.1	col1	led	1,1,1																																																																																																																															
235.165	col2	led	1,1,1																																																																																																																															
235.18	20	motion	tush_push_03																																																																																																																															
235.23	col1	led	0.35,0,0.25																																																																																																																															
235.23	col3	led	1,1,1																																																																																																																															
235.295	col2	led	0.35,0,0.25																																																																																																																															
235.295	col4	led	1,1,1																																																																																																																															
235.32	5	motion	Twerk_Swing_Left_Right_01																																																																																																																															
235.36	col3	led	0.35,0,0.25																																																																																																																															
235.36	col5	led	1,1,1																																																																																																																															
235.425	col4	led	0.35,0,0.25																																																																																																																															
235.425	col6	led	1,1,1																																																																																																																															
235.46	16	motion	rocking_chair_01																																																																																																																															
235.49	col5	led	0.35,0,0.25																																																																																																																															
235.49	col7	led	1,1,1																																																																																																																															
235.555	col6	led	0.35,0,0.25																																																																																																																															
235.555	col8	led	1,1,1																																																																																																																															
235.6	1	motion	shift_20																																																																																																																															
235.62	col7	led	0.35,0,0.25																																																																																																																															
235.62	col9	led	1,1,1																																																																																																																															
235.685	col8	led	0.35,0,0.25																																																																																																																															
235.685	col10	led	1,1,1																																																																																																																															
235.74	13	motion	foxtrot_03																																																																																																																															
235.75	col9	led	0.35,0,0.25																																																																																																																															
235.75	col11	led	1,1,1																																																																																																																															
235.815	col10	led	1,1,1																																																																																																																															
235.88	8	motion	charleston_02																																																																																																																															
235.88	col11	led	0.35,0,0.25																																																																																																																															
235.88	col9	led	1,1,1																																																																																																																															
235.945	col10	led	0.35,0,0.25																																																																																																																															
235.945	col8	led	1,1,1																																																																																																																															
236.01	col9	led	0.35,0,0.25																																																																																																																															
236.01	col7	led	1,1,1																																																																																																																															
236.02	19	motion	charleston_01																																																																																																																															
236.075	col8	led	0.35,0,0.25																																																																																																																															
236.075	col6	led	1,1,1																																																																																																																															
236.14	col7	led	0.35,0,0.25																																																																																																																															
236.14	col5	led	1,1,1																																																																																																																															
236.16	10	motion	the_twist_04																																																																																																																															
236.205	col6	led	0.35,0,0.25																																																																																																																															
236.205	col4	led	1,1,1																																																																																																																															
236.27	col5	led	0.35,0,0.25																																																																																																																															
236.27	col3	led	1,1,1																																																																																																																															
236.3	3	motion	dab_01																																																																																																																															
236.335	col4	led	0.35,0,0.25																																																																																																																															
236.335	col2	led	1,1,1																																																																																																																															
236.4	col3	led	0.35,0,0.25																																																																																																																															
236.4	col1	led	1,1,1																																																																																																																															
236.44	17	motion	swing_02																																																																																																																															
236.465	col2	led	1,1,1																																																																																																																															
236.53	col1	led	0.35,0,0.25																																																																																																																															
236.53	col3	led	1,1,1																																																																																																																															
236.58	4	motion	laffy_taffy_01																																																																																																																															
236.595	col2	led	0.35,0,0.25																																																																																																																															
236.595	col4	led	1,1,1																																																																																																																															
236.66	col3	led	0.35,0,0.25																																																																																																																															
236.66	col5	led	1,1,1																																																																																																																															
236.72	14	motion	swing_03																																																																																																																															
236.725	col4	led	0.35,0,0.25																																																																																																																															
236.725	col6	led	1,1,1																																																																																																																															
236.79	col5	led	0.35,0,0.25																																																																																																																															
236.79	col7	led	1,1,1																																																																																																																															
236.855	col6	led	0.35,0,0.25																																																																																																																															
236.855	col8	led	1,1,1																																																																																																																															
236.86	7	motion	shift_21																																																																																																																															
236.92	col7	led	0.35,0,0.25																																																																																																																															
236.92	col9	led	1,1,1																																																																																																																															
236.985	col8	led	0.35,0,0.25																																																																																																																															
236.985	col10	led	1,1,1																																																																																																																															
237	11	motion	excited_04																																																																																																																															
237.05	col9	led	0.35,0,0.25																																																																																																																															
237.05	col11	led	1,1,1																																																																																																																															
237.115	col11	led	0.35,0,0.25																																																																																																																															
237.115	col10	led	0.35,0,0.25																																																																																																																															
237.3	backup	led	1,1,1																																																																																																																															
237.44	backup	led	1,0,0.7																																																																																																																															
237.58	backup	led	1,1,1																																																																																																																															
237.72	backup	led	1,1,1																																																																																																																															
238	backup	led	1,0,0.7																																																																																																																															
238.14	backup	led	1,1,1																																																																																																																															
238.28	backup	led	1,0,0.7																																																																																																																															
238.55	backup	led	1,0.5,0.8																																																																																																																															
238.7	backup	motion	Body_Look_Center_Middle																																																																																																																															
238.7	backup	look	0.3,0.2,0.4																																																																																																																															
239	backup	led	0.25,0,0.18																																																																																																																															
																																																																																																																																		
241.5	backup	look	1,-0.5,0.5																																																																																																																															
																																																																																																																																		
245	backup	led	0.7,0.6,0.4																																																																																																																															
246	backup	motion	Sway_01																																																																																																																															
249	backup	motion	the_charleston_01																																																																																																																															
249	odd	led	1,0,1																																																																																																																															
249	even	led	0,1,0																																																																																																																															
253	backup	motion	two_step_02																																																																																																																															
256.5	backup	look	0.3,0.2,0.4																																																																																																																															
257.204	odd	led	0,1,1																																																																																																																															
257.204	even	led	1,0,1																																																																																																																															
258.272	back_row	led	1,1,0																																																																																																																															
258.272	front_row	led	0,0,1																																																																																																																															
259.34	back_row	led	0,0,1																																																																																																																															
259.34	front_row	led	1,1,0																																																																																																																															
260	backup	motion	rocking_chair_01																																																																																																																															
260.408	col1	led	1,0,0																																																																																																																															
260.558	col2	led	1,0.4,0																																																																																																																															
260.708	col3	led	1,1,0																																																																																																																															
260.858	col4	led	0,1,0																																																																																																																															
261.008	col5	led	0,1,1																																																																																																																															
261.158	col6	led	0,0,1																																																																																																																															
261.308	col7	led	0.6,0,1																																																																																																																															
261.458	col8	led	1,0,1																																																																																																																															
261.608	col9	led	1,0,0																																																																																																																															
261.758	col10	led	1,0.4,0																																																																																																																															
261.908	col11	led	1,1,0																																																																																																																															
262.544	backup	led	0.6,0,1																																																																																																																															
263.612	backup	led	0,1,1																																																																																																																															
264.68	backup	led	1,0,1																																																																																																																															
265.748	col11	led	1,0,0																																																																																																																															
265.898	col10	led	1,0.4,0																																																																																																																															
266.048	col9	led	1,1,0																																																																																																																															
266.198	col8	led	0,1,0																																																																																																																															
266.348	col7	led	0,1,1																																																																																																																															
266.498	col6	led	0,0,1																																																																																																																															
266.648	col5	led	0.6,0,1																																																																																																																															
266.798	col4	led	1,0,1																																																																																																																															
266.948	col3	led	1,0,0																																																																																																																															
267.098	col2	led	1,0.4,0																																																																																																																															
267.248	col1	led	1,1,0																																																																																																																															
267.884	odd	led	0,1,0																																																																																																																															
267.884	even	led	1,0,1																																																																																																																															
268.418	odd	led	1,0,1																																																																																																																															
268.418	even	led	0,1,0																																																																																																																															
268.952	backup	led	1,0.8,0																																																																																																																															
270	back_row	motion	carlton_03																																																																																																																															
270	front_row	motion	tango_01																																																																																																																															
277	front_row	motion	swing_03																																																																																																																															
281	front_row	motion	happy_07																																																																																																																															
284	front_row	look	0.3,0.2,0.4																																																																																																																															
286.5	front_row	motion	the_charleston_01																																																																																																																															
285	backup	led	1,1,1																																																																																																																															
285	col1	led	1,0,0																																																																																																																															
285	col2	led	1,0,0																																																																																																																															
285.133	col3	led	1,0,0																																																																																																																															
285.133	col1	led	1,1,1																																																																																																																															
285.267	col4	led	1,0,0																																																																																																																															
285.267	col2	led	1,1,1																																																																																																																															
285.4	col5	led	1,0,0																																																																																																																															
285.4	col3	led	1,1,1																																																																																																																															
285.533	col6	led	1,0,0																																																																																																																															
285.533	col4	led	1,1,1																																																																																																																															
285.667	col7	led	1,0,0																																																																																																																															
285.667	col5	led	1,1,1																																																																																																																															
285.8	col8	led	1,0,0																																																																																																																															
285.8	col6	led	1,1,1																																																																																																																															
285.933	col9	led	1,0,0																																																																																																																															
285.933	col7	led	1,1,1																																																																																																																															
286.067	col10	led	1,0,0																																																																																																																															
286.067	col8	led	1,1,1																																																																																																																															
286.2	col11	led	1,0,0																																																																																																																															
286.2	col9	led	1,1,1																																																																																																																															
286.333	col9	led	1,0,0																																																																																																																															
286.333	col11	led	1,1,1																																																																																																																															
286.467	col8	led	1,0,0																																																																																																																															
286.467	col10	led	1,1,1																																																																																																																															
286.6	col7	led	1,0,0																																																																																																																															
286.6	col9	led	1,1,1																																																																																																																															
286.733	col6	led	1,0,0																																																																																																																															
286.733	col8	led	1,1,1																																																																																																																															
286.867	col5	led	1,0,0																																																																																																																															
286.867	col7	led	1,1,1																																																																																																																															
287	col4	led	1,0,0																																																																																																																															
287	col6	led	1,1,1																																																																																																																															
287.133	col3	led	1,0,0																																																																																																																															
287.133	col5	led	1,1,1																																																																																																																															
287.267	col2	led	1,0,0																																																																																																																															
287.267	col4	led	1,1,1																																																																																																																															
287.4	col1	led	1,0,0																																																																																																																															
287.4	col3	led	1,1,1																																																																																																																															
287.533	col3	led	1,0,0																																																																																																																															
287.533	col1	led	1,1,1																																																																																																																															
287.667	col4	led	1,0,0																																																																																																																															
287.667	col2	led	1,1,1																																																																																																																															
287.8	col5	led	1,0,0																																																																																																																															
287.8	col3	led	1,1,1																																																																																																																															
287.933	col6	led	1,0,0																																																																																																																															
287.933	col4	led	1,1,1																																																																																																																															
288.067	col7	led	1,0,0																																																																																																																															
288.067	col5	led	1,1,1																																																																																																																															
288.2	col8	led	1,0,0																																																																																																																															
288.2	col6	led	1,1,1																																																																																																																															
288.333	col9	led	1,0,0																																																																																																																															
288.333	col7	led	1,1,1																																																																																																																															
288.467	col10	led	1,0,0																																																																																																																															
288.467	col8	led	1,1,1																																																																																																																															
288.6	col11	led	1,0,0																																																																																																																															
288.6	col9	led	1,1,1																																																																																																																															
288.733	col9	led	1,0,0																																																																																																																															
288.733	col11	led	1,1,1																																																																																																																															
288.867	col8	led	1,0,0																																																																																																																															
288.867	col10	led	1,1,1																																																																																																																															
289	col7	led	1,0,0																																																																																																																															
289	col9	led	1,1,1																																																																																																																															
289.133	col6	led	1,0,0																																																																																																																															
289.133	col8	led	1,1,1																																																																																																																															
289.267	col5	led	1,0,0																																																																																																																															
289.267	col7	led	1,1,1																																																																																																																															
289.4	col4	led	1,0,0																																																																																																																															
289.4	col6	led	1,1,1																																																																																																																															
289.533	col3	led	1,0,0																																																																																																																															
289.533	col5	led	1,1,1																																																																																																																															
289.667	col2	led	1,0,0																																																																																																																															
289.667	col4	led	1,1,1																																																																																																																															
289.8	col1	led	1,0,0																																																																																																																															
289.8	col3	led	1,1,1																																																																																																																															
289.933	col3	led	1,0,0																																																																																																																															
289.933	col1	led	1,1,1																																																																																																																															
290.067	col4	led	1,0,0																																																																																																																															
290.067	col2	led	1,1,1																																																																																																																															
290.2	col5	led	1,0,0																																																																																																																															
290.2	col3	led	1,1,1																																																																																																																															
290.333	col6	led	1,0,0																																																																																																																															
290.333	col4	led	1,1,1																																																																																																																															
290.467	col7	led	1,0,0																																																																																																																															
290.467	col5	led	1,1,1																																																																																																																															
290.6	col8	led	1,0,0																																																																																																																															
290.6	col6	led	1,1,1																																																																																																																															
290.733	col9	led	1,0,0																																																																																																																															
290.733	col7	led	1,1,1																																																																																																																															
290.867	col10	led	1,0,0																																																																																																																															
290.867	col8	led	1,1,1																																																																																																																															
291	col11	led	1,0,0																																																																																																																															
291	col9	led	1,1,1																																																																																																																															
291.133	col9	led	1,0,0																																																																																																																															
291.133	col11	led	1,1,1																																																																																																																															
291.267	col8	led	1,0,0																																																																																																																															
291.267	col10	led	1,1,1																																																																																																																															
291.4	col7	led	1,0,0																																																																																																																															
291.4	col9	led	1,1,1																																																																																																																															
291.533	col6	led	1,0,0																																																																																																																															
291.533	col8	led	1,1,1																																																																																																																															
291.667	col5	led	1,0,0																																																																																																																															
291.667	col7	led	1,1,1																																																																																																																															
291.8	col4	led	1,0,0																																																																																																																															
291.8	col6	led	1,1,1																																																																																																																															
291.933	col3	led	1,0,0																																																																																																																															
291.933	col5	led	1,1,1																																																																																																																															
292	backup	led	1,0,0.7																																																																																																																															
288	backup	motion	Body_Look_Back_Up_01																																																																																																																															
289.5	backup	motion	Body_Look_Center_Middle_01																																																																																																																															
293	backup	motion	waltz_01																																																																																																																															
																																																																																																																																		
																																																																																																																																		
298	backup	motion	carlton_01																																																																																																																															
																																																																																																																																		
298	backup	led	0.000,0.220,0.000																																																																																																																															
298	col1	led	0,1,0																																																																																																																															
298.15	col2	led	0,1,0																																																																																																																															
298.15	col1	led	0.000,0.220,0.000																																																																																																																															
298.3	col3	led	0,1,0																																																																																																																															
298.3	col2	led	0.000,0.220,0.000																																																																																																																															
298.45	col4	led	0,1,0																																																																																																																															
298.45	col3	led	0.000,0.220,0.000																																																																																																																															
298.6	col5	led	0,1,0																																																																																																																															
298.6	col4	led	0.000,0.220,0.000																																																																																																																															
298.75	col6	led	0,1,0																																																																																																																															
298.75	col5	led	0.000,0.220,0.000																																																																																																																															
298.9	col7	led	0,1,0																																																																																																																															
298.9	col6	led	0.000,0.220,0.000																																																																																																																															
299.05	col8	led	0,1,0																																																																																																																															
299.05	col7	led	0.000,0.220,0.000																																																																																																																															
299.2	col9	led	0,1,0																																																																																																																															
299.2	col8	led	0.000,0.220,0.000																																																																																																																															
299.35	col10	led	0,1,0																																																																																																																															
299.35	col9	led	0.000,0.220,0.000																																																																																																																															
299.5	col11	led	0,1,0																																																																																																																															
299.5	col10	led	0.000,0.220,0.000																																																																																																																															
299.65	col1	led	0,1,0																																																																																																																															
299.65	col11	led	0.000,0.220,0.000																																																																																																																															
299.8	col2	led	0,1,0																																																																																																																															
299.8	col1	led	0.000,0.220,0.000																																																																																																																															
299.95	col3	led	0,1,0																																																																																																																															
299.95	col2	led	0.000,0.220,0.000																																																																																																																															
300.1	col4	led	0,1,0																																																																																																																															
300.1	col3	led	0.000,0.220,0.000																																																																																																																															
300.25	col5	led	0,1,0																																																																																																																															
300.25	col4	led	0.000,0.220,0.000																																																																																																																															
300.4	col6	led	0,1,0																																																																																																																															
300.4	col5	led	0.000,0.220,0.000																																																																																																																															
300.55	col7	led	0,1,0																																																																																																																															
300.55	col6	led	0.000,0.220,0.000																																																																																																																															
300.7	col8	led	0,1,0																																																																																																																															
300.7	col7	led	0.000,0.220,0.000																																																																																																																															
300.85	col9	led	0,1,0																																																																																																																															
300.85	col8	led	0.000,0.220,0.000																																																																																																																															
301	col10	led	0,1,0																																																																																																																															
301	col9	led	0.000,0.220,0.000																																																																																																																															
301.15	col11	led	0,1,0																																																																																																																															
301.15	col10	led	0.000,0.220,0.000																																																																																																																															
301.3	col1	led	0,1,0																																																																																																																															
301.3	col11	led	0.000,0.220,0.000																																																																																																																															
301.45	col2	led	0,1,0																																																																																																																															
301.45	col1	led	0.000,0.220,0.000																																																																																																																															
301.6	col3	led	0,1,0																																																																																																																															
301.6	col2	led	0.000,0.220,0.000																																																																																																																															
301.75	col4	led	0,1,0																																																																																																																															
301.75	col3	led	0.000,0.220,0.000																																																																																																																															
301.9	col5	led	0,1,0																																																																																																																															
301.9	col4	led	0.000,0.220,0.000																																																																																																																															
302.05	col6	led	0,1,0																																																																																																																															
302.05	col5	led	0.000,0.220,0.000																																																																																																																															
302.2	col7	led	0,1,0																																																																																																																															
302.2	col6	led	0.000,0.220,0.000																																																																																																																															
302.35	col8	led	0,1,0																																																																																																																															
302.35	col7	led	0.000,0.220,0.000																																																																																																																															
302.5	col9	led	0,1,0																																																																																																																															
302.5	col8	led	0.000,0.220,0.000																																																																																																																															
302.65	col10	led	0,1,0																																																																																																																															
302.65	col9	led	0.000,0.220,0.000																																																																																																																															
302.8	col11	led	0,1,0																																																																																																																															
302.8	col10	led	0.000,0.220,0.000																																																																																																																															
302.95	col1	led	0,1,0																																																																																																																															
302.95	col11	led	0.000,0.220,0.000																																																																																																																															
303.1	col2	led	0,1,0																																																																																																																															
303.1	col1	led	0.000,0.220,0.000																																																																																																																															
303.25	col3	led	0,1,0																																																																																																																															
303.25	col2	led	0.000,0.220,0.000																																																																																																																															
303.4	col4	led	0,1,0																																																																																																																															
303.4	col3	led	0.000,0.220,0.000																																																																																																																															
303.55	col5	led	0,1,0																																																																																																																															
303.55	col4	led	0.000,0.220,0.000																																																																																																																															
303.7	col6	led	0,1,0																																																																																																																															
303.7	col5	led	0.000,0.220,0.000																																																																																																																															
303.85	col7	led	0,1,0																																																																																																																															
303.85	col6	led	0.000,0.220,0.000																																																																																																																															
304	col8	led	0,1,0																																																																																																																															
304	col7	led	0.000,0.220,0.000																																																																																																																															
304	backup	led	1.000,0.000,1.000																																																																																																																															
304.3	backup	led	0.800,0.000,0.800																																																																																																																															
304.6	backup	led	0.600,0.000,0.600																																																																																																																															
304.9	backup	led	0.400,0.000,0.400																																																																																																																															
305.2	backup	led	0.600,0.000,0.600																																																																																																																															
305.5	backup	led	0.800,0.000,0.800																																																																																																																															
305.8	backup	led	1.000,0.000,1.000																																																																																																																															
306.1	backup	led	0.800,0.000,0.800																																																																																																																															
306.4	backup	led	0.600,0.000,0.600																																																																																																																															
306.7	backup	led	0.400,0.000,0.400																																																																																																																															
																																																																																																																																		
304	backup	motion	Body_Look_Center_Middle_01																																																																																																																															
306	backup	motion	foxtrot_04																																																																																																																															
307	backup	led	0.600,0.000,0.600																																																																																																																															
307.3	backup	led	0.800,0.000,0.800																																																																																																																															
307.6	backup	led	1.000,0.000,1.000																																																																																																																															
307.9	backup	led	0.800,0.000,0.800																																																																																																																															
308.2	backup	led	0.600,0.000,0.600																																																																																																																															
308.5	backup	led	0.400,0.000,0.400																																																																																																																															
308.8	backup	led	0.600,0.000,0.600																																																																																																																															
309.1	backup	led	0.800,0.000,0.800																																																																																																																															
309.4	backup	led	1.000,0.000,1.000																																																																																																																															
309.7	backup	led	0.800,0.000,0.800																																																																																																																															
310	backup	led	0.220,0.000,0.220																																																																																																																															
310	col1	led	1,0,1																																																																																																																															
310.15	col2	led	1,0,1																																																																																																																															
310.15	col1	led	0.220,0.000,0.220																																																																																																																															
310.3	col3	led	1,0,1																																																																																																																															
310.3	col2	led	0.220,0.000,0.220																																																																																																																															
310.45	col4	led	1,0,1																																																																																																																															
310.45	col3	led	0.220,0.000,0.220																																																																																																																															
310.6	col5	led	1,0,1																																																																																																																															
310.6	col4	led	0.220,0.000,0.220																																																																																																																															
310.75	col6	led	1,0,1																																																																																																																															
310.75	col5	led	0.220,0.000,0.220																																																																																																																															
310.9	col7	led	1,0,1																																																																																																																															
310.9	col6	led	0.220,0.000,0.220																																																																																																																															
311	backup	led	0.9,0.8,0.7																																																																																																																															
311	1	motion	Body_Lean_Forward_01																																																																																																																															
311.04	12	motion	Body_Lean_Forward_01																																																																																																																															
311.05	col8	led	1,0,1																																																																																																																															
311.05	col7	led	0.220,0.000,0.220																																																																																																																															
311.08	2	motion	Body_Lean_Forward_01																																																																																																																															
311.12	13	motion	Body_Lean_Forward_01																																																																																																																															
311.16	3	motion	Body_Lean_Forward_01																																																																																																																															
311.2	14	motion	Body_Lean_Forward_01																																																																																																																															
311.2	col9	led	1,0,1																																																																																																																															
311.2	col8	led	0.220,0.000,0.220																																																																																																																															
311.24	4	motion	Body_Lean_Forward_01																																																																																																																															
311.28	15	motion	Body_Lean_Forward_01																																																																																																																															
311.32	5	motion	Body_Lean_Forward_01																																																																																																																															
311.35	col10	led	1,0,1																																																																																																																															
311.35	col9	led	0.220,0.000,0.220																																																																																																																															
311.36	16	motion	Body_Lean_Forward_01																																																																																																																															
311.4	6	motion	Body_Lean_Forward_01																																																																																																																															
311.44	17	motion	Body_Lean_Forward_01																																																																																																																															
311.48	7	motion	Body_Lean_Forward_01																																																																																																																															
311.5	col11	led	1,0,1																																																																																																																															
311.5	col10	led	0.220,0.000,0.220																																																																																																																															
311.52	18	motion	Body_Lean_Forward_01																																																																																																																															
311.56	8	motion	Body_Lean_Forward_01																																																																																																																															
311.6	19	motion	Body_Lean_Forward_01																																																																																																																															
311.64	9	motion	Body_Lean_Forward_01																																																																																																																															
311.65	col1	led	1,0,1																																																																																																																															
311.65	col11	led	0.220,0.000,0.220																																																																																																																															
311.68	20	motion	Body_Lean_Forward_01																																																																																																																															
311.72	10	motion	Body_Lean_Forward_01																																																																																																																															
311.76	21	motion	Body_Lean_Forward_01																																																																																																																															
311.8	11	motion	Body_Lean_Forward_01																																																																																																																															
311.8	col2	led	1,0,1																																																																																																																															
311.8	col1	led	0.220,0.000,0.220																																																																																																																															
311.95	col3	led	1,0,1																																																																																																																															
311.95	col2	led	0.220,0.000,0.220																																																																																																																															
312	backup	led	1,0.95,0.8																																																																																																																															
312.1	col4	led	1,0,1																																																																																																																															
312.1	col3	led	0.220,0.000,0.220																																																																																																																															
312.25	col5	led	1,0,1																																																																																																																															
312.25	col4	led	0.220,0.000,0.220																																																																																																																															
312.4	col6	led	1,0,1																																																																																																																															
312.4	col5	led	0.220,0.000,0.220																																																																																																																															
312.55	col7	led	1,0,1																																																																																																																															
312.55	col6	led	0.220,0.000,0.220																																																																																																																															
312.7	col8	led	1,0,1																																																																																																																															
312.7	col7	led	0.220,0.000,0.220																																																																																																																															
312.85	col9	led	1,0,1																																																																																																																															
312.85	col8	led	0.220,0.000,0.220																																																																																																																															
313	col10	led	1,0,1																																																																																																																															
313	col9	led	0.220,0.000,0.220																																																																																																																															
313.15	col11	led	1,0,1																																																																																																																															
313.15	col10	led	0.220,0.000,0.220																																																																																																																															
313.3	col1	led	1,0,1																																																																																																																															
313.3	col11	led	0.220,0.000,0.220																																																																																																																															
313.45	col2	led	1,0,1																																																																																																																															
313.45	col1	led	0.220,0.000,0.220																																																																																																																															
313.6	col3	led	1,0,1																																																																																																																															
313.6	col2	led	0.220,0.000,0.220																																																																																																																															
313.75	col4	led	1,0,1																																																																																																																															
313.75	col3	led	0.220,0.000,0.220																																																																																																																															
313.9	col5	led	1,0,1																																																																																																																															
313.9	col4	led	0.220,0.000,0.220																																																																																																																															
314	backup	led	1,1,1																																																																																																																															
314	backup	motion	Cabbage_Patch_01																																																																																																																															
314.05	col6	led	1,0,1																																																																																																																															
314.05	col5	led	0.220,0.000,0.220																																																																																																																															
314.2	col7	led	1,0,1																																																																																																																															
314.2	col6	led	0.220,0.000,0.220																																																																																																																															
314.35	col8	led	1,0,1																																																																																																																															
314.35	col7	led	0.220,0.000,0.220																																																																																																																															
314.5	col9	led	1,0,1																																																																																																																															
314.5	col8	led	0.220,0.000,0.220																																																																																																																															
314.65	col10	led	1,0,1																																																																																																																															
314.65	col9	led	0.220,0.000,0.220																																																																																																																															
314.8	col11	led	1,0,1																																																																																																																															
314.8	col10	led	0.220,0.000,0.220																																																																																																																															
314.95	col1	led	1,0,1																																																																																																																															
314.95	col11	led	0.220,0.000,0.220																																																																																																																															
315.1	col2	led	1,0,1																																																																																																																															
315.1	col1	led	0.220,0.000,0.220																																																																																																																															
315.25	col3	led	1,0,1																																																																																																																															
315.25	col2	led	0.220,0.000,0.220																																																																																																																															
315.4	col4	led	1,0,1																																																																																																																															
315.4	col3	led	0.220,0.000,0.220																																																																																																																															
315.55	col5	led	1,0,1																																																																																																																															
315.55	col4	led	0.220,0.000,0.220																																																																																																																															
315.7	col6	led	1,0,1																																																																																																																															
315.7	col5	led	0.220,0.000,0.220																																																																																																																															
315.85	col7	led	1,0,1																																																																																																																															
315.85	col6	led	0.220,0.000,0.220																																																																																																																															
316	col8	led	1,0,1																																																																																																																															
316	col7	led	0.220,0.000,0.220																																																																																																																															
316	backup	led	0,1,0																																																																																																																															
316	col1	led	0,0,0																																																																																																																															
316.15	col2	led	0,0,0																																																																																																																															
316.15	col1	led	0,1,0																																																																																																																															
316.3	col3	led	0,0,0																																																																																																																															
316.3	col2	led	0,1,0																																																																																																																															
316.45	col4	led	0,0,0																																																																																																																															
316.45	col3	led	0,1,0																																																																																																																															
316.6	col5	led	0,0,0																																																																																																																															
316.6	col4	led	0,1,0																																																																																																																															
316.75	col6	led	0,0,0																																																																																																																															
316.75	col5	led	0,1,0																																																																																																																															
316.9	col7	led	0,0,0																																																																																																																															
316.9	col6	led	0,1,0																																																																																																																															
317.05	col8	led	0,0,0																																																																																																																															
317.05	col7	led	0,1,0																																																																																																																															
317.2	col9	led	0,0,0																																																																																																																															
317.2	col8	led	0,1,0																																																																																																																															
317.35	col10	led	0,0,0																																																																																																																															
317.35	col9	led	0,1,0																																																																																																																															
317.5	col11	led	0,0,0																																																																																																																															
317.5	col10	led	0,1,0																																																																																																																															
317.65	col1	led	0,0,0																																																																																																																															
317.65	col11	led	0,1,0																																																																																																																															
317.8	col2	led	0,0,0																																																																																																																															
317.8	col1	led	0,1,0																																																																																																																															
317.95	col3	led	0,0,0																																																																																																																															
317.95	col2	led	0,1,0																																																																																																																															
318.1	col4	led	0,0,0																																																																																																																															
318.1	col3	led	0,1,0																																																																																																																															
318.25	col5	led	0,0,0																																																																																																																															
318.25	col4	led	0,1,0																																																																																																																															
318.4	col6	led	0,0,0																																																																																																																															
318.4	col5	led	0,1,0																																																																																																																															
318.55	col7	led	0,0,0																																																																																																																															
318.55	col6	led	0,1,0																																																																																																																															
318.7	col8	led	0,0,0																																																																																																																															
318.7	col7	led	0,1,0																																																																																																																															
318.85	col9	led	0,0,0																																																																																																																															
318.85	col8	led	0,1,0																																																																																																																															
319	col10	led	0,0,0																																																																																																																															
319	col9	led	0,1,0																																																																																																																															
319.15	col11	led	0,0,0																																																																																																																															
319.15	col10	led	0,1,0																																																																																																																															
319.3	col1	led	0,0,0																																																																																																																															
319.3	col11	led	0,1,0																																																																																																																															
319.45	col2	led	0,0,0																																																																																																																															
319.45	col1	led	0,1,0																																																																																																																															
319.6	col3	led	0,0,0																																																																																																																															
319.6	col2	led	0,1,0																																																																																																																															
319.75	col4	led	0,0,0																																																																																																																															
319.75	col3	led	0,1,0																																																																																																																															
319.9	col5	led	0,0,0																																																																																																																															
319.9	col4	led	0,1,0																																																																																																																															
320.05	col6	led	0,0,0																																																																																																																															
320.05	col5	led	0,1,0																																																																																																																															
320.2	col7	led	0,0,0																																																																																																																															
320.2	col6	led	0,1,0																																																																																																																															
320.35	col8	led	0,0,0																																																																																																																															
320.35	col7	led	0,1,0																																																																																																																															
320.5	col9	led	0,0,0																																																																																																																															
320.5	col8	led	0,1,0																																																																																																																															
320.65	col10	led	0,0,0																																																																																																																															
320.65	col9	led	0,1,0																																																																																																																															
320.8	col11	led	0,0,0																																																																																																																															
320.8	col10	led	0,1,0																																																																																																																															
320.95	col1	led	0,0,0																																																																																																																															
320.95	col11	led	0,1,0																																																																																																																															
321.1	col2	led	0,0,0																																																																																																																															
321.1	col1	led	0,1,0																																																																																																																															
321.25	col3	led	0,0,0																																																																																																																															
321.25	col2	led	0,1,0																																																																																																																															
321.4	col4	led	0,0,0																																																																																																																															
321.4	col3	led	0,1,0																																																																																																																															
321.55	col5	led	0,0,0																																																																																																																															
321.55	col4	led	0,1,0																																																																																																																															
321.7	col6	led	0,0,0																																																																																																																															
321.7	col5	led	0,1,0																																																																																																																															
321.85	col7	led	0,0,0																																																																																																																															
321.85	col6	led	0,1,0																																																																																																																															
322	col8	led	0,0,0																																																																																																																															
322	col7	led	0,1,0																																																																																																																															
322.15	col9	led	0,0,0																																																																																																																															
322.15	col8	led	0,1,0																																																																																																																															
322.3	col10	led	0,0,0																																																																																																																															
322.3	col9	led	0,1,0																																																																																																																															
322.45	col11	led	0,0,0																																																																																																																															
322.45	col10	led	0,1,0																																																																																																																															
322.5	backup	led	1,0,1																																																																																																																															
323	back_row	motion	charleston_01																																																																																																																															
323.5	front_row	motion	charleston_01																																																																																																																															
324	backup	led	0,1,0																																																																																																																															
325.6	backup	led	1,0,1																																																																																																																															
329	odd	motion	charleston_02																																																																																																																															
329	even	motion	swing_03																																																																																																																															
329	1	led	1,0,1																																																																																																																															
329	2	led	0,1,0																																																																																																																															
329	3	led	1,0,1																																																																																																																															
329	4	led	0,1,0																																																																																																																															
329	5	led	1,0,1																																																																																																																															
329	6	led	0,1,0																																																																																																																															
329	7	led	1,0,1																																																																																																																															
329	8	led	0,1,0																																																																																																																															
329	9	led	1,0,1																																																																																																																															
329	10	led	0,1,0																																																																																																																															
329	11	led	1,0,1																																																																																																																															
329	12	led	0,1,0																																																																																																																															
329	13	led	1,0,1																																																																																																																															
329	14	led	0,1,0																																																																																																																															
329	15	led	1,0,1																																																																																																																															
329	16	led	0,1,0																																																																																																																															
329	17	led	1,0,1																																																																																																																															
329	18	led	0,1,0																																																																																																																															
329	19	led	1,0,1																																																																																																																															
329	20	led	0,1,0																																																																																																																															
329	21	led	1,0,1																																																																																																																															
333	backup	look	1,-0.5,0.5																																																																																																																															
																																																																																																																																		
343.00	backup	look	0.3,0.2,0.4	all snap to cracked Diva																																																																																																																														
343.00	col1	led	1,0,0.7	pulse 1																																																																																																																														
343.08	col2	led	1,0,0.7																																																																																																																															
343.16	col3	led	1,0,0.7																																																																																																																															
343.24	col4	led	1,0,0.7																																																																																																																															
343.32	col5	led	1,0,0.7																																																																																																																															
343.40	col6	led	1,0,0.7																																																																																																																															
343.48	col7	led	1,0,0.7																																																																																																																															
343.56	col8	led	1,0,0.7																																																																																																																															
343.64	col9	led	1,0,0.7																																																																																																																															
343.72	col10	led	1,0,0.7																																																																																																																															
343.80	col11	led	1,0,0.7																																																																																																																															
344.10	backup	led	0.15,0,0.1	dim reset																																																																																																																														
344.20	col1	led	1,0,0.7	pulse 2																																																																																																																														
344.28	col2	led	1,0,0.7																																																																																																																															
344.36	col3	led	1,0,0.7																																																																																																																															
344.44	col4	led	1,0,0.7																																																																																																																															
344.52	col5	led	1,0,0.7																																																																																																																															
344.60	col6	led	1,0,0.7																																																																																																																															
344.68	col7	led	1,0,0.7																																																																																																																															
344.76	col8	led	1,0,0.7																																																																																																																															
344.84	col9	led	1,0,0.7																																																																																																																															
344.92	col10	led	1,0,0.7																																																																																																																															
345.00	col11	led	1,0,0.7																																																																																																																															
345.30	backup	led	0.15,0,0.1	dim reset																																																																																																																														
345.40	col1	led	1,0,0.7	pulse 3																																																																																																																														
345.48	col2	led	1,0,0.7																																																																																																																															
345.56	col3	led	1,0,0.7																																																																																																																															
345.64	col4	led	1,0,0.7																																																																																																																															
345.72	col5	led	1,0,0.7																																																																																																																															
345.80	col6	led	1,0,0.7																																																																																																																															
345.88	col7	led	1,0,0.7																																																																																																																															
345.96	col8	led	1,0,0.7																																																																																																																															
346.04	col9	led	1,0,0.7																																																																																																																															
346.12	col10	led	1,0,0.7																																																																																																																															
346.20	col11	led	1,0,0.7																																																																																																																															
346.50	odd	motion	ExclamationRed	realization hits																																																																																																																														
346.50	even	motion	emoji-exclamation-mark-red-hf-01																																																																																																																															
347.50	odd	motion	Body_Look_Right_Middle_01	pairs check each other																																																																																																																														
347.50	even	motion	Body_Look_Left_Middle_01																																																																																																																															
348.80	backup	motion	Body_Lean_Back_01	collective recoil, last unison moment																																																																																																																														
350.00	7	motion	shift_09	scattered panic begins																																																																																																																														
350.20	14	motion	shift_08																																																																																																																															
350.20	col1	led	1,0,0.7	pulse 4																																																																																																																														
350.28	col2	led	1,0,0.7																																																																																																																															
350.36	col3	led	1,0,0.7																																																																																																																															
350.40	3	motion	excited_00																																																																																																																															
350.44	col4	led	1,0,0.7																																																																																																																															
350.50	18	motion	shift_20																																																																																																																															
350.52	col5	led	1,0,0.7																																																																																																																															
350.60	col6	led	1,0,0.7																																																																																																																															
350.68	col7	led	1,0,0.7																																																																																																																															
350.70	1	motion	shift_08																																																																																																																															
350.76	col8	led	1,0,0.7																																																																																																																															
350.84	col9	led	1,0,0.7																																																																																																																															
350.90	11	motion	shift_09																																																																																																																															
350.92	col10	led	1,0,0.7																																																																																																																															
351.00	col11	led	1,0,0.7																																																																																																																															
351.10	16	motion	excited_00																																																																																																																															
351.20	5	motion	shift_20																																																																																																																															
351.30	backup	led	0.15,0,0.1	dim reset																																																																																																																														
351.40	20	motion	shift_09																																																																																																																															
351.50	col1	led	1,0,0.7	pulse 5																																																																																																																														
351.58	col2	led	1,0,0.7																																																																																																																															
351.60	9	motion	shift_08																																																																																																																															
351.66	col3	led	1,0,0.7																																																																																																																															
351.74	col4	led	1,0,0.7																																																																																																																															
351.80	13	motion	excited_00																																																																																																																															
351.82	col5	led	1,0,0.7																																																																																																																															
351.90	col6	led	1,0,0.7																																																																																																																															
351.98	col7	led	1,0,0.7																																																																																																																															
352.00	2	motion	shift_20																																																																																																																															
352.06	col8	led	1,0,0.7																																																																																																																															
352.10	17	motion	shift_09																																																																																																																															
352.14	col9	led	1,0,0.7																																																																																																																															
352.22	col10	led	1,0,0.7																																																																																																																															
352.30	col11	led	1,0,0.7																																																																																																																															
352.30	6	motion	shift_08																																																																																																																															
352.50	21	motion	excited_00																																																																																																																															
352.60	backup	led	0.15,0,0.1	dim reset																																																																																																																														
352.60	10	motion	shift_20																																																																																																																															
352.80	15	motion	shift_09																																																																																																																															
353.00	4	motion	shift_08																																																																																																																															
353.10	19	motion	excited_00																																																																																																																															
353.20	col1	led	1,0,0.7	pulse 6																																																																																																																														
353.28	col2	led	1,0,0.7																																																																																																																															
353.30	8	motion	shift_20																																																																																																																															
353.36	col3	led	1,0,0.7																																																																																																																															
353.44	col4	led	1,0,0.7																																																																																																																															
353.50	12	motion	shift_09	all 21 now spinning or spun																																																																																																																														
353.52	col5	led	1,0,0.7																																																																																																																															
353.60	col6	led	1,0,0.7																																																																																																																															
353.68	col7	led	1,0,0.7																																																																																																																															
353.76	col8	led	1,0,0.7																																																																																																																															
353.84	col9	led	1,0,0.7																																																																																																																															
353.92	col10	led	1,0,0.7																																																																																																																															
354.00	col11	led	1,0,0.7																																																																																																																															
354.30	backup	led	0.15,0,0.1	dim reset																																																																																																																														
354.40	7	motion	excited_00	round 2, different spin each																																																																																																																														
354.50	col1	led	1,0,0.7	pulse 7																																																																																																																														
354.58	col2	led	1,0,0.7																																																																																																																															
354.60	14	motion	shift_20																																																																																																																															
354.66	col3	led	1,0,0.7																																																																																																																															
354.74	col4	led	1,0,0.7																																																																																																																															
354.80	3	motion	shift_09																																																																																																																															
354.82	col5	led	1,0,0.7																																																																																																																															
354.90	col6	led	1,0,0.7																																																																																																																															
354.98	col7	led	1,0,0.7																																																																																																																															
355.00	18	motion	shift_08																																																																																																																															
355.06	col8	led	1,0,0.7																																																																																																																															
355.14	col9	led	1,0,0.7																																																																																																																															
355.20	1	motion	excited_00																																																																																																																															
355.22	col10	led	1,0,0.7																																																																																																																															
355.30	col11	led	1,0,0.7																																																																																																																															
355.40	11	motion	shift_20																																																																																																																															
355.60	backup	led	0.15,0,0.1	dim reset																																																																																																																														
355.60	16	motion	shift_09																																																																																																																															
355.80	5	motion	shift_08																																																																																																																															
356.00	20	motion	excited_00																																																																																																																															
356.20	col1	led	1,0,0.7	pulse 8																																																																																																																														
356.20	9	motion	shift_20																																																																																																																															
356.28	col2	led	1,0,0.7																																																																																																																															
356.36	col3	led	1,0,0.7																																																																																																																															
356.40	13	motion	shift_08																																																																																																																															
356.44	col4	led	1,0,0.7																																																																																																																															
356.52	col5	led	1,0,0.7																																																																																																																															
356.60	col6	led	1,0,0.7																																																																																																																															
356.60	2	motion	shift_09																																																																																																																															
356.68	col7	led	1,0,0.7																																																																																																																															
356.76	col8	led	1,0,0.7																																																																																																																															
356.80	17	motion	excited_00																																																																																																																															
356.84	col9	led	1,0,0.7																																																																																																																															
356.92	col10	led	1,0,0.7																																																																																																																															
357.00	col11	led	1,0,0.7																																																																																																																															
357.00	6	motion	shift_20																																																																																																																															
357.20	21	motion	shift_09																																																																																																																															
357.30	backup	led	0.15,0,0.1	dim reset																																																																																																																														
357.40	10	motion	shift_08																																																																																																																															
357.50	col1	led	1,0,0.7	pulse 9																																																																																																																														
357.58	col2	led	1,0,0.7																																																																																																																															
357.60	15	motion	excited_00																																																																																																																															
357.66	col3	led	1,0,0.7																																																																																																																															
357.74	col4	led	1,0,0.7																																																																																																																															
357.80	4	motion	shift_20																																																																																																																															
357.82	col5	led	1,0,0.7																																																																																																																															
357.90	col6	led	1,0,0.7																																																																																																																															
357.98	col7	led	1,0,0.7																																																																																																																															
358.00	19	motion	shift_09																																																																																																																															
358.06	col8	led	1,0,0.7																																																																																																																															
358.14	col9	led	1,0,0.7																																																																																																																															
358.20	8	motion	shift_08																																																																																																																															
358.22	col10	led	1,0,0.7																																																																																																																															
358.30	col11	led	1,0,0.7																																																																																																																															
358.40	12	motion	excited_00	last spinner																																																																																																																														
358.60	backup	led	0.15,0,0.1	dim reset																																																																																																																														
359.00	col1	led	1,0,0.7	pulse 10, final																																																																																																																														
359.08	col2	led	1,0,0.7																																																																																																																															
359.16	col3	led	1,0,0.7																																																																																																																															
359.24	col4	led	1,0,0.7																																																																																																																															
359.32	col5	led	1,0,0.7																																																																																																																															
359.40	col6	led	1,0,0.7																																																																																																																															
359.48	col7	led	1,0,0.7																																																																																																																															
359.56	col8	led	1,0,0.7																																																																																																																															
359.64	col9	led	1,0,0.7																																																																																																																															
359.72	col10	led	1,0,0.7																																																																																																																															
359.80	col11	led	1,0,0.7																																																																																																																															
359.90	backup	look	0.1,1,0.5	all locked on Diva at 360																																																																																																																														
																																																																																																																																		
																																																																																																																																		
372.00	backup	look	0.3,0.2,0.4	all turn to audience																																																																																																																														
374	backup	motion	Clap	group applause																																																																																																																														
374.20	col11	led	0,1,0.2	green sweep 1, right to left																																																																																																																														
374.28	col10	led	0,1,0.2																																																																																																																															
374.36	col9	led	0,1,0.2																																																																																																																															
374.44	col8	led	0,1,0.2																																																																																																																															
374.52	col7	led	0,1,0.2																																																																																																																															
374.60	col6	led	0,1,0.2																																																																																																																															
374.68	col5	led	0,1,0.2																																																																																																																															
374.76	col4	led	0,1,0.2																																																																																																																															
374.84	col3	led	0,1,0.2																																																																																																																															
374.92	col2	led	0,1,0.2																																																																																																																															
375.00	col1	led	0,1,0.2																																																																																																																															
375.30	backup	led	0,0.15,0.03	dim green reset																																																																																																																														
375.50	col11	led	0,1,0.2	sweep 2																																																																																																																														
375.58	col10	led	0,1,0.2																																																																																																																															
375.66	col9	led	0,1,0.2																																																																																																																															
375.74	col8	led	0,1,0.2																																																																																																																															
375.82	col7	led	0,1,0.2																																																																																																																															
375.90	col6	led	0,1,0.2																																																																																																																															
375.98	col5	led	0,1,0.2																																																																																																																															
376.06	col4	led	0,1,0.2																																																																																																																															
376.14	col3	led	0,1,0.2																																																																																																																															
376.22	col2	led	0,1,0.2																																																																																																																															
376.30	col1	led	0,1,0.2																																																																																																																															
376.60	backup	led	0,0.15,0.03	dim reset																																																																																																																														
376.80	front_row	motion	the_twist_01	fun begins, split waves																																																																																																																														
376.80	back_row	motion	Carlton_01																																																																																																																															
377.00	col11	led	0,1,0.2	sweep 3																																																																																																																														
377.08	col10	led	0,1,0.2																																																																																																																															
377.16	col9	led	0,1,0.2																																																																																																																															
377.24	col8	led	0,1,0.2																																																																																																																															
377.32	col7	led	0,1,0.2																																																																																																																															
377.40	col6	led	0,1,0.2																																																																																																																															
377.48	col5	led	0,1,0.2																																																																																																																															
377.56	col4	led	0,1,0.2																																																																																																																															
377.64	col3	led	0,1,0.2																																																																																																																															
377.72	col2	led	0,1,0.2																																																																																																																															
377.80	col1	led	0,1,0.2																																																																																																																															
378.10	backup	led	0,0.15,0.03	dim reset																																																																																																																														
378.30	col11	led	0,1,0.2	sweep 4																																																																																																																														
378.38	col10	led	0,1,0.2																																																																																																																															
378.46	col9	led	0,1,0.2																																																																																																																															
378.54	col8	led	0,1,0.2																																																																																																																															
378.62	col7	led	0,1,0.2																																																																																																																															
378.70	col6	led	0,1,0.2																																																																																																																															
378.78	col5	led	0,1,0.2																																																																																																																															
378.86	col4	led	0,1,0.2																																																																																																																															
378.94	col3	led	0,1,0.2																																																																																																																															
379.02	col2	led	0,1,0.2																																																																																																																															
379.10	col1	led	0,1,0.2																																																																																																																															
379.40	backup	led	0,0.15,0.03	dim reset																																																																																																																														
379.60	left_half	motion	tush_push_01	swap the split axis																																																																																																																														
379.60	right_half	motion	swing_01																																																																																																																															
379.80	col11	led	0,1,0.2	sweep 5																																																																																																																														
379.88	col10	led	0,1,0.2																																																																																																																															
379.96	col9	led	0,1,0.2																																																																																																																															
380.04	col8	led	0,1,0.2																																																																																																																															
380.12	col7	led	0,1,0.2																																																																																																																															
380.20	col6	led	0,1,0.2																																																																																																																															
380.28	col5	led	0,1,0.2																																																																																																																															
380.36	col4	led	0,1,0.2																																																																																																																															
380.44	col3	led	0,1,0.2																																																																																																																															
380.52	col2	led	0,1,0.2																																																																																																																															
380.60	col1	led	0,1,0.2																																																																																																																															
380.90	backup	led	0,0.15,0.03	dim reset																																																																																																																														
381.10	col11	led	0,1,0.2	sweep 6																																																																																																																														
381.18	col10	led	0,1,0.2																																																																																																																															
381.26	col9	led	0,1,0.2																																																																																																																															
381.34	col8	led	0,1,0.2																																																																																																																															
381.42	col7	led	0,1,0.2																																																																																																																															
381.50	col6	led	0,1,0.2																																																																																																																															
381.58	col5	led	0,1,0.2																																																																																																																															
381.66	col4	led	0,1,0.2																																																																																																																															
381.74	col3	led	0,1,0.2																																																																																																																															
381.82	col2	led	0,1,0.2																																																																																																																															
381.90	col1	led	0,1,0.2																																																																																																																															
382.20	backup	led	0,0.15,0.03	dim reset																																																																																																																														
382.40	odd	motion	laffy_taffy_01	third axis swap																																																																																																																														
382.40	even	motion	Cabbage_Patch_01																																																																																																																															
382.60	col11	led	0,1,0.2	sweep 7																																																																																																																														
382.68	col10	led	0,1,0.2																																																																																																																															
382.76	col9	led	0,1,0.2																																																																																																																															
382.84	col8	led	0,1,0.2																																																																																																																															
382.92	col7	led	0,1,0.2																																																																																																																															
383.00	col6	led	0,1,0.2																																																																																																																															
383.08	col5	led	0,1,0.2																																																																																																																															
383.16	col4	led	0,1,0.2																																																																																																																															
383.24	col3	led	0,1,0.2																																																																																																																															
383.32	col2	led	0,1,0.2																																																																																																																															
383.40	col1	led	0,1,0.2																																																																																																																															
383.70	backup	led	0,0.15,0.03	dim reset																																																																																																																														
383.90	col11	led	0,1,0.2	sweep 8																																																																																																																														
383.98	col10	led	0,1,0.2																																																																																																																															
384.06	col9	led	0,1,0.2																																																																																																																															
384.14	col8	led	0,1,0.2																																																																																																																															
384.22	col7	led	0,1,0.2																																																																																																																															
384.30	col6	led	0,1,0.2																																																																																																																															
384.38	col5	led	0,1,0.2																																																																																																																															
384.46	col4	led	0,1,0.2																																																																																																																															
384.54	col3	led	0,1,0.2																																																																																																																															
384.62	col2	led	0,1,0.2																																																																																																																															
384.70	col1	led	0,1,0.2																																																																																																																															
385.00	backup	led	0,0.15,0.03	dim reset																																																																																																																														
385.20	backup	motion	Clap	book-end applause																																																																																																																														
385.30	col11	led	0,1,0.2	sweep 9, final																																																																																																																														
385.38	col10	led	0,1,0.2																																																																																																																															
385.46	col9	led	0,1,0.2																																																																																																																															
385.54	col8	led	0,1,0.2																																																																																																																															
385.62	col7	led	0,1,0.2																																																																																																																															
385.70	col6	led	0,1,0.2																																																																																																																															
385.78	col5	led	0,1,0.2																																																																																																																															
385.86	col4	led	0,1,0.2																																																																																																																															
385.94	col3	led	0,1,0.2																																																																																																																															
386.02	col2	led	0,1,0.2	full green hold at 386																																																																																																																														
387	odd	led	1,0,1																																																																																																																															
387	even	led	0,1,0																																																																																																																															
388	backup	look	0.3,0.2,0.4																																																																																																																															
392	odd	motion	yep_03																																																																																																																															
393	even	motion	shift_06																																																																																																																															
																																																																																																																																		
																																																																																																																																		
402	backup	motion	body_bow	BOW 1																																																																																																																														
																																																																																																																																		
																																																																																																																																		
405.10	backup	motion	Clap	mass applause eruption																																																																																																																														
405.10	backup	led	1,0.7,0	full gold blast																																																																																																																														
406.20	7	motion	Fireworks	scattered celebration pops																																																																																																																														
406.20	col7	led	1,1,1	white pop under each emoji																																																																																																																														
406.40	14	motion	emoji-party-hf-01																																																																																																																															
406.40	col3	led	1,1,1																																																																																																																															
406.60	3	motion	Trophy																																																																																																																															
406.60	col3	led	1,0.7,0	back to gold																																																																																																																														
406.60	col10	led	1,1,1																																																																																																																															
406.80	18	motion	PartyBlue																																																																																																																															
406.80	col7	led	1,0.7,0																																																																																																																															
406.80	col5	led	1,1,1																																																																																																																															
407.00	1	motion	ThumbsUp																																																																																																																															
407.00	col10	led	1,0.7,0																																																																																																																															
407.00	col1	led	1,1,1																																																																																																																															
407.20	11	motion	Star																																																																																																																															
407.20	col5	led	1,0.7,0																																																																																																																															
407.20	col9	led	1,1,1																																																																																																																															
407.40	16	motion	Fireworks																																																																																																																															
407.40	col1	led	1,0.7,0																																																																																																																															
407.40	col6	led	1,1,1																																																																																																																															
407.60	5	motion	emoji-party-hf-01																																																																																																																															
407.60	col9	led	1,0.7,0																																																																																																																															
407.60	col2	led	1,1,1																																																																																																																															
407.80	20	motion	PartyBlue																																																																																																																															
407.80	col6	led	1,0.7,0																																																																																																																															
407.80	col11	led	1,1,1																																																																																																																															
408.00	9	motion	Trophy																																																																																																																															
408.00	col2	led	1,0.7,0																																																																																																																															
408.00	col4	led	1,1,1																																																																																																																															
408.20	13	motion	Star																																																																																																																															
408.20	col11	led	1,0.7,0																																																																																																																															
408.20	col8	led	1,1,1																																																																																																																															
408.40	2	motion	ThumbsUp																																																																																																																															
408.40	col8	led	1,0.7,0																																																																																																																															
408.60	17	motion	Fireworks																																																																																																																															
408.80	6	motion	emoji-party-hf-01																																																																																																																															
409.00	21	motion	PartyBlue																																																																																																																															
409.20	10	motion	Star																																																																																																																															
409.40	15	motion	Trophy																																																																																																																															
409.60	4	motion	Fireworks																																																																																																																															
409.80	19	motion	ThumbsUp																																																																																																																															
410.00	8	motion	emoji-party-hf-01																																																																																																																															
410.20	12	motion	Star	all 21 have popped																																																																																																																														
410.60	backup	led	0.3,0.2,0	dark beat before the dance drop																																																																																																																														
411.00	front_row	motion	Twerk_01	dance eruption																																																																																																																														
411.00	back_row	motion	the_twist_02																																																																																																																															
411.00	col1	led	1,0.7,0	gold cascade brightening across																																																																																																																														
411.09	col2	led	1,0.75,0																																																																																																																															
411.18	col3	led	1,0.8,0																																																																																																																															
411.27	col4	led	1,0.85,0																																																																																																																															
411.36	col5	led	1,0.9,0																																																																																																																															
411.45	col6	led	1,0.95,0																																																																																																																															
411.54	col7	led	1,1,0.1																																																																																																																															
411.63	col8	led	1,1,0.2																																																																																																																															
411.72	col9	led	1,1,0.3																																																																																																																															
411.81	col10	led	1,1,0.4																																																																																																																															
411.90	col11	led	1,1,0.5	hottest at far end																																																																																																																														
412.60	backup	led	0.3,0.2,0	dark beat																																																																																																																														
413.00	left_half	motion	laffy_taffy_02	axis swap																																																																																																																														
413.00	right_half	motion	Carlton_02																																																																																																																															
413.00	col11	led	1,0.7,0	cascade back the other way																																																																																																																														
413.09	col10	led	1,0.75,0																																																																																																																															
413.18	col9	led	1,0.8,0																																																																																																																															
413.27	col8	led	1,0.85,0																																																																																																																															
413.36	col7	led	1,0.9,0																																																																																																																															
413.45	col6	led	1,0.95,0																																																																																																																															
413.54	col5	led	1,1,0.1																																																																																																																															
413.63	col4	led	1,1,0.2																																																																																																																															
413.72	col3	led	1,1,0.3																																																																																																																															
413.81	col2	led	1,1,0.4																																																																																																																															
413.90	col1	led	1,1,0.5																																																																																																																															
414.60	backup	motion	Clap	back to applause																																																																																																																														
414.60	backup	led	1,0.7,0	full gold hold at 415																																																																																																																														
416.00	backup	look	0.3,0.2,0.4	face the ovation																																																																																																																														
																																																																																																																																		
																																																																																																																																		
																																																																																																																																		
420	backup	motion	body_bow	BOW 2 STANDING OVATION AND FLOWERS AFTER																																																																																																																														
																																																																																																																																		
425	odd	motion	3-Kisses																																																																																																																															
424	even	motion	shift_08																																																																																																																															
424.1	even	motion	flowerRed																																																																																																																															
																																																																																																																																		
429	backup	motion	body_bow	BOW 3 AND END																																																																																																																														
																																																																																																																																		
																																																																																																																																		
434	backup	look	-0.3,-0.2,0.4																																																																																																																															
434	backup	led	0,0,0																																																																																																																															
